id,bank_account_id,date,balance
ff971fdbf0ec4df99695fc6725ee63e9,34d4c182e9a24b2ba115f8813d25c570,2025-06-08,32803.92
5919f029cbe145cab8614f7e3eca7c2a,34d4c182e9a24b2ba115f8813d25c570,2025-06-01,41909.8
213a0bd5ec5d4472a5c7193a21a62dc4,34d4c182e9a24b2ba115f8813d25c570,2025-05-25,29465.33
bd60fecd1d8343058dcc11f891ef54b8,34d4c182e9a24b2ba115f8813d25c570,2025-05-18,17941.55
4824cb2da3874d459e513355cfde530a,34d4c182e9a24b2ba115f8813d25c570,2025-05-11,44969.48
3fd7781547ae442194b2bdf7e316f959,9a6a2559cb894a14a7beaefb3d27d713,2025-06-08,12900.84
f35f646033b3460eb7ee5609fb085da6,9a6a2559cb894a14a7beaefb3d27d713,2025-06-01,53609.81
a2f981f12dae48f89f56f69101abdc17,9a6a2559cb894a14a7beaefb3d27d713,2025-05-25,50596.05
1d352e57d8704497af522ef591d8cddf,9a6a2559cb894a14a7beaefb3d27d713,2025-05-18,31927.24
e642f1b98a9742e488ba38d884774f3c,9a6a2559cb894a14a7beaefb3d27d713,2025-05-11,59658.7
689e31a40d5f4cd89e602f7f5e206fa4,c27368dad75943f0b77e5db348d969d6,2025-06-08,85420.76
7c9321d47a0a4b4a9833f50c0cf9cfe0,c27368dad75943f0b77e5db348d969d6,2025-06-01,32799.74
a915f5b54d314a4f89c2bf5c3c591609,c27368dad75943f0b77e5db348d969d6,2025-05-25,75990.91
3a1d655ec8c74000b40ecc12872a75db,c27368dad75943f0b77e5db348d969d6,2025-05-18,55030.84
8e3642582a62436ca945d72e505392ce,c27368dad75943f0b77e5db348d969d6,2025-05-11,25089.37
8b32cea7513f474aacf83cd6b33a678e,601dfd10cbd741e28471b7414a9b8151,2025-06-08,50968.65
0d79bd0ca7c14d568ce3e31e4bd34e65,601dfd10cbd741e28471b7414a9b8151,2025-06-01,87826.96
810fb093e0384693a561ccb57b57d554,601dfd10cbd741e28471b7414a9b8151,2025-05-25,84485.24
a2e8a397f0ee42cc9b38be81ef2086f7,601dfd10cbd741e28471b7414a9b8151,2025-05-18,10239.65
45dba2cc924f4927bc42723c43862f35,601dfd10cbd741e28471b7414a9b8151,2025-05-11,39458.29
60780c1536e045dd9acb4486a63a96af,af8fb436f520499886d518db44b5f483,2025-06-08,33621.01
a245087b9bee470a9f96d360f5724ad0,af8fb436f520499886d518db44b5f483,2025-06-01,19280.04
9b4fa33ee1e4490ca1c112b35d818e0b,af8fb436f520499886d518db44b5f483,2025-05-25,93702.07
0322ae2050b64345a2eb0bfbe127de21,af8fb436f520499886d518db44b5f483,2025-05-18,77167.41
ecb5d2af6a28420083fd610bf1aadbf9,af8fb436f520499886d518db44b5f483,2025-05-11,70497.79
eda46c0b4536409c8588a7b630fd7739,dc5a4bc36e0d4efd8e7fd26cf2507512,2025-06-08,92469.15
85b2b167d8544c7d87f277073877b21a,dc5a4bc36e0d4efd8e7fd26cf2507512,2025-06-01,30333.71
2bc115a70bd64680a669cf1a3c1add6c,dc5a4bc36e0d4efd8e7fd26cf2507512,2025-05-25,55409.35
ddd112d2c59f4e049c101e571bd74996,dc5a4bc36e0d4efd8e7fd26cf2507512,2025-05-18,68062.57
93cf29d39b694e89858bf36624d1c264,dc5a4bc36e0d4efd8e7fd26cf2507512,2025-05-11,85447.24
94c95f6920db4d14b0b125a99f67185e,e4655972e1be44718da9601b49aac82b,2025-06-08,99290.1
6a3fe3a255634f118c4e99ccd4aa7ae0,e4655972e1be44718da9601b49aac82b,2025-06-01,58354.35
16a9980e6d5949d4a9dc3a79458eb854,e4655972e1be44718da9601b49aac82b,2025-05-25,77294.7
4b06b46cafe94a3d95ef2e236f3c591d,e4655972e1be44718da9601b49aac82b,2025-05-18,72971.32
f7fac2014ef14eb8a3dcc5392bff0a3f,e4655972e1be44718da9601b49aac82b,2025-05-11,87346.14
d014644791dd4458b75b1bfd5693c031,2eb538e48f0d49b3b7cdb72e394032fb,2025-06-08,47225.78
a4359102a58c4309b3aecb46cf8d3486,2eb538e48f0d49b3b7cdb72e394032fb,2025-06-01,93310.41
dddd82e3a2e948ce801fb5b3dc34eb96,2eb538e48f0d49b3b7cdb72e394032fb,2025-05-25,87807.48
bdf36323bf784452bd49703232b9ca23,2eb538e48f0d49b3b7cdb72e394032fb,2025-05-18,53115.94
247617adcf0a4b2d82616ff6442d962d,2eb538e48f0d49b3b7cdb72e394032fb,2025-05-11,18596.08
ab56ce97396e40e9978c5a4c9f590b5d,7eaef472aa334b3cb25b8eb2289a762c,2025-06-08,18115.53
37af9b721ece4492a51f4b892e23be77,7eaef472aa334b3cb25b8eb2289a762c,2025-06-01,28320.02
1a876f7c78134259b8187388bad1e0bf,7eaef472aa334b3cb25b8eb2289a762c,2025-05-25,42982.2
39072fdee0724fb79e7cff77389a2e2b,7eaef472aa334b3cb25b8eb2289a762c,2025-05-18,55493.43
d0157d77ae2743d7900c42f81157457d,7eaef472aa334b3cb25b8eb2289a762c,2025-05-11,26910.86
28bed8c3fc184717b1335cc2f615106d,ffbe670c13a0491da52991caced957e8,2025-06-08,22721.88
a0ca9a8f270c4f3eb1ff9c316e83ed79,ffbe670c13a0491da52991caced957e8,2025-06-01,56270.51
3abefcf482df45a1951e13b9cd89e077,ffbe670c13a0491da52991caced957e8,2025-05-25,27603.58
e15b78109d0149018ac87d7722e4c663,ffbe670c13a0491da52991caced957e8,2025-05-18,91063.18
5fe4650ed2724fbba9f73393cf4fdfc3,ffbe670c13a0491da52991caced957e8,2025-05-11,97344.54
1d87cc68d03243d0854f9a901e6562ce,ab3d8a07f709454cbb0ba3e387ce246f,2025-06-08,79520.14
e693e4ced60d41458595d961d771cb30,ab3d8a07f709454cbb0ba3e387ce246f,2025-06-01,58106.06
4a13d5524aa3404f8c50457f439eb549,ab3d8a07f709454cbb0ba3e387ce246f,2025-05-25,17068.13
967046f6c6b544109b1ce941ccb15d1a,ab3d8a07f709454cbb0ba3e387ce246f,2025-05-18,28903.36
57a857cac7bf44cd972a040cd4ca316d,ab3d8a07f709454cbb0ba3e387ce246f,2025-05-11,65980.07
e68d33db0e9d4f959fb0486ecd443380,842831195d2d48be99ac179c7cc97c65,2025-06-08,57450.54
0f6f25b5df6f4587a2eda289ec0d127d,842831195d2d48be99ac179c7cc97c65,2025-06-01,58416.79
be6d65c5f58847adbc82f78ce92b76af,842831195d2d48be99ac179c7cc97c65,2025-05-25,67392.59
784d83f87bed46f18c5a0e349b22881e,842831195d2d48be99ac179c7cc97c65,2025-05-18,72438.98
71eceadb31854ae0a18702764b1dfd67,842831195d2d48be99ac179c7cc97c65,2025-05-11,54006.34
e5f67b11540e4737baf8f8aa1f1897f0,006e2bc459af4f948c641488829cf151,2025-06-08,64208.57
d5c07ea40391485f95353b682116ea0a,006e2bc459af4f948c641488829cf151,2025-06-01,40935.45
4f2cee0f6d904f31af8da68db7c1673c,006e2bc459af4f948c641488829cf151,2025-05-25,66035.6
da206bde0d434696b710ba71749c189d,006e2bc459af4f948c641488829cf151,2025-05-18,65788.9
b9f1804ea2db48e78826e13af610008d,006e2bc459af4f948c641488829cf151,2025-05-11,82796.13
9a45063d71994134aa67bca1e4ff7e60,9f85cfe3c9bb425882735e33bb999f8f,2025-06-08,57026.3
25f60ed77656419c90092cd1f93f2ef1,9f85cfe3c9bb425882735e33bb999f8f,2025-06-01,73529.36
65750aba65d64530a50a7411aa95f925,9f85cfe3c9bb425882735e33bb999f8f,2025-05-25,70967.5
705009223e8d4366bde0717b9dc34ef5,9f85cfe3c9bb425882735e33bb999f8f,2025-05-18,97611.93
596171a29a9348919e1b5e8fa40493cc,9f85cfe3c9bb425882735e33bb999f8f,2025-05-11,92500.64
bbaede6516f94409a50d5eb1b834dacd,f68cff0656154b4fb04df4377fa6a782,2025-06-08,97401.3
923f567d59cc40bfbbfc716f0417600c,f68cff0656154b4fb04df4377fa6a782,2025-06-01,59860.05
58e4da7f5da6454c8e61a7e049834117,f68cff0656154b4fb04df4377fa6a782,2025-05-25,43759.73
5272b28a8e414e3981f21099e5607738,f68cff0656154b4fb04df4377fa6a782,2025-05-18,42490.53
b2afbb760f204a86a7b45a03f0334f64,f68cff0656154b4fb04df4377fa6a782,2025-05-11,56694.63
905b6ba7f07d44bba8a414ae264b9d63,459e2d85e2224330b060e4a2904bc589,2025-06-08,89838.9
297b273aec854557964aa28f532ea02f,459e2d85e2224330b060e4a2904bc589,2025-06-01,87881.58
04c01a7cb9014de2b44ff1bf752f37b1,459e2d85e2224330b060e4a2904bc589,2025-05-25,43911.08
e88a49896d1645df8d680aeeb8dc3139,459e2d85e2224330b060e4a2904bc589,2025-05-18,41064.57
dd0a11a995b84cd2843cbd8ece04b501,459e2d85e2224330b060e4a2904bc589,2025-05-11,65875.03
04b63a45e0824550bb4cd50822994527,d26bb4dad1234e8cb5ae9a95a6612b0e,2025-06-08,29361.9
321d2ff13adb4787b081d2d02572925c,d26bb4dad1234e8cb5ae9a95a6612b0e,2025-06-01,28498.06
ed32e11066764c85be773d4c7211e252,d26bb4dad1234e8cb5ae9a95a6612b0e,2025-05-25,86843.31
67274c53435d4ce384c8565182413bcd,d26bb4dad1234e8cb5ae9a95a6612b0e,2025-05-18,62883.7
4932488224404c86a39920fefc5025b9,d26bb4dad1234e8cb5ae9a95a6612b0e,2025-05-11,37994.41
93c6fc972b7a4eb880e346b1cd384654,04c1b8d3cef44ffe94ff2228b891415b,2025-06-08,78598.41
4a37193d04cd4f6bb8fb31fd79587970,04c1b8d3cef44ffe94ff2228b891415b,2025-06-01,61474.57
ec37a304e6fb45ebb77b92ce707590d3,04c1b8d3cef44ffe94ff2228b891415b,2025-05-25,59295.85
4605ee6ed6c34a599688d6a76b7ae68e,04c1b8d3cef44ffe94ff2228b891415b,2025-05-18,74482.91
7818980a57194943a31f05b9e168f536,04c1b8d3cef44ffe94ff2228b891415b,2025-05-11,13694.71
971a74b95b1747e9bc2ae40c4877d75e,47eec58a56c24feb936822cebf2aa3f1,2025-06-08,14993.84
26c4d650c9204d2dbd48f4401f11e81a,47eec58a56c24feb936822cebf2aa3f1,2025-06-01,27647.02
d2ca1ab030764f2db235de3584763fce,47eec58a56c24feb936822cebf2aa3f1,2025-05-25,57958.26
ecb4665322914b8bbed8ace014650152,47eec58a56c24feb936822cebf2aa3f1,2025-05-18,83721.18
3d53e66a672f481b8b7dae58085283c8,47eec58a56c24feb936822cebf2aa3f1,2025-05-11,87953.38
90772340a94f4d349b1f7e51b1c83897,d752343f8a214a59b35640a96e26e374,2025-06-08,27017.07
d07e709bf9f44fdb8719f7ab526c16c7,d752343f8a214a59b35640a96e26e374,2025-06-01,21442.17
0d71a3ffd5e94e82a03070d720f03188,d752343f8a214a59b35640a96e26e374,2025-05-25,64603.03
8b1f4d17444444f3879f91351c4be210,d752343f8a214a59b35640a96e26e374,2025-05-18,83478.72
ad3b037a374f42e88080c0010c8dce44,d752343f8a214a59b35640a96e26e374,2025-05-11,38058.11
fc2844a55369489d9e0e375f832adb16,9b1a176fc9764ea4b6c1f1ee60a680ee,2025-06-08,24128.76
baeb1c1f55e0436fb67320381ad13c54,9b1a176fc9764ea4b6c1f1ee60a680ee,2025-06-01,72022.36
755c9905d74c4a638e03c2699feb25e7,9b1a176fc9764ea4b6c1f1ee60a680ee,2025-05-25,88867.14
b7fea51235ba4af0b8cac63090266990,9b1a176fc9764ea4b6c1f1ee60a680ee,2025-05-18,61681.0
acddda8622ad4b63820625f6d5c3725c,9b1a176fc9764ea4b6c1f1ee60a680ee,2025-05-11,77010.65
2cb66a6b496e48939ba934908d6b11ee,727b6b48a8d94610bab1003ea690bfd4,2025-06-08,31794.64
f63540cecded458c9b24a9f3e15ecb8e,727b6b48a8d94610bab1003ea690bfd4,2025-06-01,78681.61
32758ba1ded34e61b73453afd5389c3f,727b6b48a8d94610bab1003ea690bfd4,2025-05-25,14681.99
78221225433a451383a6c039d542533a,727b6b48a8d94610bab1003ea690bfd4,2025-05-18,62886.62
492872b512124c50b58003573effaf12,727b6b48a8d94610bab1003ea690bfd4,2025-05-11,93136.69
7e3339c5f16648048f1a4f467769a73e,ef8eafef31374319af4c1a063b8d253b,2025-06-08,25605.0
5b74fc91c62f4d00a649b3303c983cb5,ef8eafef31374319af4c1a063b8d253b,2025-06-01,56350.94
666ebdfa62794fbfaf05dda41017463e,ef8eafef31374319af4c1a063b8d253b,2025-05-25,23926.39
ebc7e8e0432846bd917adda04081a1ff,ef8eafef31374319af4c1a063b8d253b,2025-05-18,91414.24
d878ed7d444a498fa0379b5d8a3ebddf,ef8eafef31374319af4c1a063b8d253b,2025-05-11,36567.28
bfd3588cb5c040a78b80b9ee82cbd0aa,7710d4b13a9a4ef79fb17796d2266c2f,2025-06-08,99113.16
1a386ffa977e4c04a6ad9fce88c25c31,7710d4b13a9a4ef79fb17796d2266c2f,2025-06-01,36615.06
98de144182ed40ef8024c40188bfc1fd,7710d4b13a9a4ef79fb17796d2266c2f,2025-05-25,46141.97
b63175e054c74e99b72537bca6668f17,7710d4b13a9a4ef79fb17796d2266c2f,2025-05-18,27697.77
e458934f725746e8a125eaa026a9d916,7710d4b13a9a4ef79fb17796d2266c2f,2025-05-11,17546.27
eb017d0fa51c4ca68ef99bae0efd185b,6cfd605734e64c0cbfe3cfdb6f1a1afd,2025-06-08,89438.84
06f6cfbd14e54ee59087223d7f4c785a,6cfd605734e64c0cbfe3cfdb6f1a1afd,2025-06-01,42072.26
a3d7a6d1d9b0422382d51017632d652b,6cfd605734e64c0cbfe3cfdb6f1a1afd,2025-05-25,27619.95
51b13ab0194c41969ce10881dfd83764,6cfd605734e64c0cbfe3cfdb6f1a1afd,2025-05-18,14857.65
a173a9c6a6464e6685560ebfbf3eda7a,6cfd605734e64c0cbfe3cfdb6f1a1afd,2025-05-11,15649.46
5510366e15574375af819229a4f7581c,6d65f2534c7c463ea341ec1e75f2bb42,2025-06-08,30111.13
bae7aa1b5e61409990a17496b976c4d4,6d65f2534c7c463ea341ec1e75f2bb42,2025-06-01,27082.84
225fe4d686a149debd89460012fe54f6,6d65f2534c7c463ea341ec1e75f2bb42,2025-05-25,82762.06
5e2d650607dc4eb6a55cc634f122d97a,6d65f2534c7c463ea341ec1e75f2bb42,2025-05-18,36714.93
f9d266917c144edf89e0123499053e96,6d65f2534c7c463ea341ec1e75f2bb42,2025-05-11,50480.22
2a2850359fc2409da5d1d0474787e45f,dfe315e415474d428e3ce48f91f677cb,2025-06-08,57954.15
38d44502db9f4e65ae0d1425bc9ff211,dfe315e415474d428e3ce48f91f677cb,2025-06-01,70454.68
c5ec4198714f4496865c5c9c9838f5e3,dfe315e415474d428e3ce48f91f677cb,2025-05-25,18982.74
59f4f4671b5e447885a770e663edebbd,dfe315e415474d428e3ce48f91f677cb,2025-05-18,14270.74
c38844ca73d34d6fb209a5c1b71a0efc,dfe315e415474d428e3ce48f91f677cb,2025-05-11,99983.48
fb1524d585f24006ba62a354a67da587,721bbebe80f4411daa8e99833afbad98,2025-06-08,76636.18
914f91c5e8644abba23083cde8a383b7,721bbebe80f4411daa8e99833afbad98,2025-06-01,42450.63
30105366e2a24544a7532f6ea95da94f,721bbebe80f4411daa8e99833afbad98,2025-05-25,59412.66
16ed6a7a08384e4a909906413cfb348a,721bbebe80f4411daa8e99833afbad98,2025-05-18,69727.94
8bad9e65b60445fab8e95852bac53028,721bbebe80f4411daa8e99833afbad98,2025-05-11,38157.59
08601b7f419d4cc291c6a1bc09cf9599,a7576d43d9a44c86aa91ec88eb68e1a2,2025-06-08,51095.67
6da88ba883c34862a8e639067399065c,a7576d43d9a44c86aa91ec88eb68e1a2,2025-06-01,76728.01
9037be67ea4b4e50bcc7388cc6acada6,a7576d43d9a44c86aa91ec88eb68e1a2,2025-05-25,73712.84
ed4a405ed95542929a7c4132d764d7db,a7576d43d9a44c86aa91ec88eb68e1a2,2025-05-18,31364.28
9c6e22957b7c4452bcb802590ca48d13,a7576d43d9a44c86aa91ec88eb68e1a2,2025-05-11,82019.81
6f63eacbb67f417eaa7bec7fcbfe01b7,1ec36f6c3f3b44b09332aa0b061f88d7,2025-06-08,39298.27
affade36335e49e296ae94e8e211eac6,1ec36f6c3f3b44b09332aa0b061f88d7,2025-06-01,89771.07
e3fc501691d14274a7d7f3130f78e8dd,1ec36f6c3f3b44b09332aa0b061f88d7,2025-05-25,20771.14
ca5665fa4bf44169b51f037159f69efd,1ec36f6c3f3b44b09332aa0b061f88d7,2025-05-18,60252.56
f65cde1b97154b60b30cf58e978ccfda,1ec36f6c3f3b44b09332aa0b061f88d7,2025-05-11,97637.81
f91657851a154717aad771f13b5003d3,66250ef958fb4f34aabc329ab1efc8eb,2025-06-08,63787.23
af38575a8c3e4a95ad22c61522b974ec,66250ef958fb4f34aabc329ab1efc8eb,2025-06-01,18845.25
00cf914a0712498ca020435f151cb478,66250ef958fb4f34aabc329ab1efc8eb,2025-05-25,46594.87
18eb3965a10d4c3d832303d43c5116dd,66250ef958fb4f34aabc329ab1efc8eb,2025-05-18,65248.71
081d504cf859446dac278cce84516227,66250ef958fb4f34aabc329ab1efc8eb,2025-05-11,91435.56
04817d68b02744fa9a06bf0888ad73f8,a23c218a96494970bb46953d109a3f69,2025-06-08,34021.06
fd3533f47bff4537a4d13d1b01516c5d,a23c218a96494970bb46953d109a3f69,2025-06-01,23743.08
44e62fac41df4609b4d1d9055247ec1d,a23c218a96494970bb46953d109a3f69,2025-05-25,47527.84
4c1c130534a4426995cae80a858fefed,a23c218a96494970bb46953d109a3f69,2025-05-18,71599.23
1fd97ce037504ebebba9c2477f8b47c5,a23c218a96494970bb46953d109a3f69,2025-05-11,94144.21
3ae174bfd1bf479aa9aa6e2d97a397f6,adf03f9d780d42f69b74343dce817ec5,2025-06-08,92562.49
8fbe56dd15aa49fdb4336c309a524cd7,adf03f9d780d42f69b74343dce817ec5,2025-06-01,82332.23
1eb382e58ff841f1bf0572f0456c7726,adf03f9d780d42f69b74343dce817ec5,2025-05-25,12061.7
41a2eb27fcaa4a16a52fb4685221d803,adf03f9d780d42f69b74343dce817ec5,2025-05-18,97452.91
05c79e284f534043bbaf0bb8db387248,adf03f9d780d42f69b74343dce817ec5,2025-05-11,92594.62
4ea8ae30af0b410db964a8aa0e75c93d,8b187b1b850a4b3e9c2f071ce792222b,2025-06-08,77339.17
5b44ed2c1afc425bb4a38beda7bfcef1,8b187b1b850a4b3e9c2f071ce792222b,2025-06-01,98398.21
29ad82f44e3b446a9be90231ea3ccc43,8b187b1b850a4b3e9c2f071ce792222b,2025-05-25,44248.18
4ea84834651c496bb8e430879678fc3b,8b187b1b850a4b3e9c2f071ce792222b,2025-05-18,65427.35
b11e726586ec40f1b0ec354b47342c32,8b187b1b850a4b3e9c2f071ce792222b,2025-05-11,11554.24
b8d06f94387d47699ec9e407baf49404,6ad9054d4e5440a29ed7adf42b40ff67,2025-06-08,90565.44
d1cf9a4dcf184b3886b0b7eb7f90dd69,6ad9054d4e5440a29ed7adf42b40ff67,2025-06-01,89936.94
1e88a58b85894ee89935f5e1f6ea09b1,6ad9054d4e5440a29ed7adf42b40ff67,2025-05-25,86484.02
697bbaa4ccfb401aa35130c6f7e3bb58,6ad9054d4e5440a29ed7adf42b40ff67,2025-05-18,75403.92
7b06d0d56abb477ca465f59e9f49e439,6ad9054d4e5440a29ed7adf42b40ff67,2025-05-11,67280.34
e83266b7f5ee475c8407fd7bfa8c43a1,b56dc8f03215436eb7e06809159637d9,2025-06-08,24403.36
1a0f8e03dccb45e0a3467a1eadeb7d6b,b56dc8f03215436eb7e06809159637d9,2025-06-01,32505.28
d1ce15d37f80487b973f64ff52662b02,b56dc8f03215436eb7e06809159637d9,2025-05-25,82005.56
d5a17c13246b4f57923eccebd2313940,b56dc8f03215436eb7e06809159637d9,2025-05-18,21114.81
6aa533d14e6540498c3e73d09ba53e4c,b56dc8f03215436eb7e06809159637d9,2025-05-11,58199.25
1716aa0b3cc0462a8b7c5a2f16cd9b9e,5beaace9e1464343bb45b9aa722c34c8,2025-06-08,47566.29
976afa94846d4ab8be9e407bf680cd12,5beaace9e1464343bb45b9aa722c34c8,2025-06-01,55311.2
fada4aa9bdce4df48a3f690440b14847,5beaace9e1464343bb45b9aa722c34c8,2025-05-25,21335.12
18006531865a407cbef7adefad0f83e1,5beaace9e1464343bb45b9aa722c34c8,2025-05-18,71831.27
d55454bdfa35497aae65647c9f24734f,5beaace9e1464343bb45b9aa722c34c8,2025-05-11,66953.77
50ced53a41c141be826d1771ef4eb2fc,804dc92f8b0f44c597695d3c687ccbd3,2025-06-08,54929.92
e54e4dcbc5f141be9b5e98094ce6b46a,804dc92f8b0f44c597695d3c687ccbd3,2025-06-01,93508.36
8a15c208e63f481c83512ecd19353d30,804dc92f8b0f44c597695d3c687ccbd3,2025-05-25,46189.76
b8cbd91362de4f2aa499e18044b348b4,804dc92f8b0f44c597695d3c687ccbd3,2025-05-18,68534.51
6f8627c4cf1743419ef3aa7203d78eee,804dc92f8b0f44c597695d3c687ccbd3,2025-05-11,44292.6
85483d3deaed40ed97ec3ff4c2734e8b,f603129501d24640a9af91f390289e7d,2025-06-08,65645.49
fec76b6d9d0b4b6cadbed2d04ca45909,f603129501d24640a9af91f390289e7d,2025-06-01,80118.71
850972d06f4b4da59f6db0422be860cf,f603129501d24640a9af91f390289e7d,2025-05-25,95914.31
4168a265f56245988645fbfcacb3a4c5,f603129501d24640a9af91f390289e7d,2025-05-18,12742.93
317accb242ae4316a5b4a8c5ef49ffa7,f603129501d24640a9af91f390289e7d,2025-05-11,27419.75
e86a3549c4394d71bbe20108bc8b290a,82e8790420f641e6992549279cc4fe4c,2025-06-08,34389.11
7a09b35ad98047c58f5fd09d7172c1fa,82e8790420f641e6992549279cc4fe4c,2025-06-01,61564.17
1e3b59b010bb4a399c8f58feea68c7e1,82e8790420f641e6992549279cc4fe4c,2025-05-25,93915.88
d6ef5afc83074ae2a71087b7f2204ba0,82e8790420f641e6992549279cc4fe4c,2025-05-18,17771.53
031a3b68b0df4243a7a0ba0e36616719,82e8790420f641e6992549279cc4fe4c,2025-05-11,10349.4
7fe88968e143401c92c507dd97dac376,838ba59cecfb4e09b008a0a7473a32f2,2025-06-08,41073.64
c8c1461fa8e543e59138ece2fb16530b,838ba59cecfb4e09b008a0a7473a32f2,2025-06-01,30735.51
1f54a2691e7443e9ac4d638ad53b57a4,838ba59cecfb4e09b008a0a7473a32f2,2025-05-25,69584.38
8fc58b2cd0454a7ab1d28a07ecbbe957,838ba59cecfb4e09b008a0a7473a32f2,2025-05-18,67073.03
849c3dbbf08e42b6a66a391102cde759,838ba59cecfb4e09b008a0a7473a32f2,2025-05-11,93023.54
103831e73ae240da9960a39fb24dfa81,9f376e5a6e4c45bc9a7c9c49905a2bd3,2025-06-08,95246.54
773600e2612b4d96b2a993105c129795,9f376e5a6e4c45bc9a7c9c49905a2bd3,2025-06-01,41652.55
68420acd814041349de743fb324ee72c,9f376e5a6e4c45bc9a7c9c49905a2bd3,2025-05-25,21655.56
a1bb871c3c4842b091bf701b5558872a,9f376e5a6e4c45bc9a7c9c49905a2bd3,2025-05-18,21940.23
369cbdb55d2448a585b21489fe8068e3,9f376e5a6e4c45bc9a7c9c49905a2bd3,2025-05-11,66456.75
04964dbf827e406f95da86852d19fbd7,289aba75febb4c8cba61fffdf1aa6f8f,2025-06-08,14424.07
51c34b6d6d1b494296dc9f917805b87b,289aba75febb4c8cba61fffdf1aa6f8f,2025-06-01,28111.31
cec85f60f9ee4a978dc3ad838fedbe1d,289aba75febb4c8cba61fffdf1aa6f8f,2025-05-25,23119.05
718678944ed44e99891874fac076565e,289aba75febb4c8cba61fffdf1aa6f8f,2025-05-18,14196.38
c001d7cd6397469d8d295c099570db6d,289aba75febb4c8cba61fffdf1aa6f8f,2025-05-11,68084.96
1bf0d408d94e401ebbf51dd1944b348c,5c104f5f2b5740a4aa5dbb5e7660c4b5,2025-06-08,51697.23
7e16dfdefea84948b2159b6a7e4a48b5,5c104f5f2b5740a4aa5dbb5e7660c4b5,2025-06-01,86075.67
2659e0d7f9cd434cbaccd65f8fb055c7,5c104f5f2b5740a4aa5dbb5e7660c4b5,2025-05-25,60297.11
ecc71d7bbfd047918792b6b7a7e7eda7,5c104f5f2b5740a4aa5dbb5e7660c4b5,2025-05-18,65411.61
34b496e1b3134525b06667779ac96d8c,5c104f5f2b5740a4aa5dbb5e7660c4b5,2025-05-11,76151.45
14b20e7548834cb485eaf9721d98e77d,08b69aff3d964dabba5997c845997495,2025-06-08,32867.98
01bc503175834dc1ab35498090cedfba,08b69aff3d964dabba5997c845997495,2025-06-01,27223.71
5a57c9230c9a41938536ab7b662f99a0,08b69aff3d964dabba5997c845997495,2025-05-25,51677.26
4247cbd5784a4bf1ba07c05a34ad4007,08b69aff3d964dabba5997c845997495,2025-05-18,20988.7
578a5e50fb5c4acbb37b515539657966,08b69aff3d964dabba5997c845997495,2025-05-11,64905.42
9c7e2d21a9a84016bef5a8b759caf6a5,6a95eeecbcaf44e49ed2dd23179fa64e,2025-06-08,17953.51
fb8ffa693e534cd5bdb5a5e48a7b302c,6a95eeecbcaf44e49ed2dd23179fa64e,2025-06-01,40120.94
35db325e82db4866bffa6f23b3836630,6a95eeecbcaf44e49ed2dd23179fa64e,2025-05-25,91087.08
d8186a9ff8fb46b08417489e3f28756d,6a95eeecbcaf44e49ed2dd23179fa64e,2025-05-18,83026.18
30c4e4acaa5d4243ae49696cebe4d095,6a95eeecbcaf44e49ed2dd23179fa64e,2025-05-11,39806.44
a27524e53b754eb48f5683de5091c5d0,f52a91f89ccf4d4d9451546e5e462667,2025-06-08,99626.45
f2e1837189b644fa93904791e6afdc26,f52a91f89ccf4d4d9451546e5e462667,2025-06-01,89612.56
496800b7f3b14f829fe5114a64d07ec7,f52a91f89ccf4d4d9451546e5e462667,2025-05-25,82255.76
09358d591a024a5a8268a3cbbdbc9f7f,f52a91f89ccf4d4d9451546e5e462667,2025-05-18,12076.12
f6790d29a924450fa8f10d2c089f2564,f52a91f89ccf4d4d9451546e5e462667,2025-05-11,93677.29
e88c07d3c8694e67bd198aa293571e9b,028e1b6e5c0744a4b29403410d184552,2025-06-08,92217.48
0d0edef16ee24fe9968cb5c9be3a7887,028e1b6e5c0744a4b29403410d184552,2025-06-01,95295.26
16cb0401653742e3bb4a3860fc03035a,028e1b6e5c0744a4b29403410d184552,2025-05-25,45949.03
db5b3c4ab7a6474e811d570a65c7cdba,028e1b6e5c0744a4b29403410d184552,2025-05-18,82541.23
ac353fd833bd44a194d2cb91d65b5e11,028e1b6e5c0744a4b29403410d184552,2025-05-11,13952.6
45824e3e343243d0ab16c5924fc64c15,039e785cd96545f682b07b3acab569bb,2025-06-08,59717.63
b9e2988059e443b9be8e35397b4906af,039e785cd96545f682b07b3acab569bb,2025-06-01,25615.23
19d6dcb40f154bddb9b6e01ef39b70ac,039e785cd96545f682b07b3acab569bb,2025-05-25,94177.25
8901f847f29b424fb235dca79fed6a0c,039e785cd96545f682b07b3acab569bb,2025-05-18,26373.6
9b227c710e234f4eab5bc32cd1beac0f,039e785cd96545f682b07b3acab569bb,2025-05-11,11151.44
4aa75abd7e7e49bc9585706a392ef2e5,78d899caf6174ad2befd78b37dfc4c0d,2025-06-08,80485.81
943bbcfdcb8f4eaf93f408d564fd8ee2,78d899caf6174ad2befd78b37dfc4c0d,2025-06-01,86247.85
97c8557db02148dfbf5b40b5bc71970a,78d899caf6174ad2befd78b37dfc4c0d,2025-05-25,89776.8
fbf015ccaa7d4884b7702b0c5cd36842,78d899caf6174ad2befd78b37dfc4c0d,2025-05-18,33714.1
43e319a9206e4a85bf7ec62107158eb4,78d899caf6174ad2befd78b37dfc4c0d,2025-05-11,95915.74
316b20ddf4684bb593e5442ee3c2da2c,d3f2cd8a86124dc39e1373594ac54d01,2025-06-08,45922.54
a2645e9e39a04dd8853887a4ac0cad52,d3f2cd8a86124dc39e1373594ac54d01,2025-06-01,98175.72
66863dfb0a3349b39fe6d00f48c67fc1,d3f2cd8a86124dc39e1373594ac54d01,2025-05-25,96943.51
de4cf9139de44e4f9121c1e4c5a7251c,d3f2cd8a86124dc39e1373594ac54d01,2025-05-18,13749.22
8786c55f955e4946943b4ebf39542fbb,d3f2cd8a86124dc39e1373594ac54d01,2025-05-11,62161.46
d250555b9f834b7793f35c3a75c4ce2a,2bc0cbde5bd7432faddee13e0e1a58d5,2025-06-08,33145.81
d33bd0c7e62d4a02a12ef4e6a0abf12a,2bc0cbde5bd7432faddee13e0e1a58d5,2025-06-01,17508.84
bfabe74340dd49afa0d711332bffa01a,2bc0cbde5bd7432faddee13e0e1a58d5,2025-05-25,55240.88
90e7fb9955dd4cdbbae6812a393bba0e,2bc0cbde5bd7432faddee13e0e1a58d5,2025-05-18,75580.94
5411920ce70b42a9a84cb3d9cb137929,2bc0cbde5bd7432faddee13e0e1a58d5,2025-05-11,55455.35
e9cd4bdb8df94bfbae8bff44b11d1c64,d5761022615e457aa42f7507fcbcd5f5,2025-06-08,49208.64
3200dd0dac694f02a55b22a9a73a8caa,d5761022615e457aa42f7507fcbcd5f5,2025-06-01,96664.31
87d6d4889822486587177a5860999317,d5761022615e457aa42f7507fcbcd5f5,2025-05-25,33362.68
417b3ddb70c54bfd86c77dccde980a33,d5761022615e457aa42f7507fcbcd5f5,2025-05-18,13174.94
2d1276d881a44dc39838165760433f73,d5761022615e457aa42f7507fcbcd5f5,2025-05-11,91052.2
112fd9faa0344608a7e66d24b5f5b102,54d561985578419cbe9c73686e91d907,2025-06-08,39630.6
70d4fd937bb848b997993a14df6fabff,54d561985578419cbe9c73686e91d907,2025-06-01,85689.79
d209092663d94ab691bfc6fe7c6c2e49,54d561985578419cbe9c73686e91d907,2025-05-25,48827.37
fa63e4ef14ee456397b3301d2c154dd9,54d561985578419cbe9c73686e91d907,2025-05-18,22108.35
2f7bfd188da94b6ba18bb8150ea006b1,54d561985578419cbe9c73686e91d907,2025-05-11,56334.1
32c2f57b1ae3487abe258fac7be6f99f,717867faa93b461ab30562018ae22b00,2025-06-08,54292.33
6b640e0070054a04a27de8ab4f8399a7,717867faa93b461ab30562018ae22b00,2025-06-01,55779.32
fe047e92d4d6456db3a88129ee0d2ec8,717867faa93b461ab30562018ae22b00,2025-05-25,55940.54
184ca72970f743cabca77e391a1cd852,717867faa93b461ab30562018ae22b00,2025-05-18,75520.47
4aafb491072e447e8f64066080afbfeb,717867faa93b461ab30562018ae22b00,2025-05-11,44282.53
3ed989d8c29943c485577724e84dedc8,7dffdf1ebb804b659729ef5cccc1d25b,2025-06-08,48301.12
67da18104dbb4904a8fdff99a395c982,7dffdf1ebb804b659729ef5cccc1d25b,2025-06-01,98428.25
e5784bd0cb5b43e2b9dfb5e55128d1f6,7dffdf1ebb804b659729ef5cccc1d25b,2025-05-25,97898.14
20b2cbd64b514ea8a9aa5c382343fffa,7dffdf1ebb804b659729ef5cccc1d25b,2025-05-18,66109.63
bcf611651c7f49e9bfac349eb39295a9,7dffdf1ebb804b659729ef5cccc1d25b,2025-05-11,31388.95
e47d467d30c64a32ad2b7e3fb85ef181,349f4e2d7346413795ed55fedc5ef230,2025-06-08,28540.32
17dc2f674f2e4faea55a48df91e1242b,349f4e2d7346413795ed55fedc5ef230,2025-06-01,69310.17
97aa7e817be44e4b8bcbe029de0dd82b,349f4e2d7346413795ed55fedc5ef230,2025-05-25,14722.01
98c6117e88e8419ca9ad5d23ce788605,349f4e2d7346413795ed55fedc5ef230,2025-05-18,68243.89
90946ec4c4e94de5a36c556c198c7d41,349f4e2d7346413795ed55fedc5ef230,2025-05-11,89654.42
82102b6041544bf2af0bcc95f610f033,54a9f8fc231141569f6a1b6cfc471916,2025-06-08,22424.69
b68a0b338f5a47ea956d8e9d90951db0,54a9f8fc231141569f6a1b6cfc471916,2025-06-01,63242.04
6855a322d46845d8bdeb6924ac303ea6,54a9f8fc231141569f6a1b6cfc471916,2025-05-25,89624.88
71e713afeaaa4b1e80a386d0ec217db5,54a9f8fc231141569f6a1b6cfc471916,2025-05-18,99306.11
4f2b22133f0247b28fffb2c0efee7956,54a9f8fc231141569f6a1b6cfc471916,2025-05-11,81942.79
c2ba09a184494f73badf435425d5a87f,369f73a5ba1c421ca9a3436166b446be,2025-06-08,88132.25
617b278b07054d69a43b675266858f2a,369f73a5ba1c421ca9a3436166b446be,2025-06-01,60041.13
94d6179ba7bf4a839bfc7db0ff00d6de,369f73a5ba1c421ca9a3436166b446be,2025-05-25,10820.94
e436a205f6b343e09e8923e11ae5d47e,369f73a5ba1c421ca9a3436166b446be,2025-05-18,35149.8
f05285d9cc444575a2ddaa6ea2af2efc,369f73a5ba1c421ca9a3436166b446be,2025-05-11,84763.71
a346f0fd86f7437d8ba752be4cf1a9a8,fe582ff24a7a4a9e85deb76bdd497f14,2025-06-08,34938.48
f017f54b1f774425b60c95078e13b674,fe582ff24a7a4a9e85deb76bdd497f14,2025-06-01,77791.26
cf1f8b36868d4e92925a33a048be6dc8,fe582ff24a7a4a9e85deb76bdd497f14,2025-05-25,91229.57
45129b85f936470b8ee4120ba7aefa16,fe582ff24a7a4a9e85deb76bdd497f14,2025-05-18,17167.73
7c05bd0835794a51bcd5f995a53bac4d,fe582ff24a7a4a9e85deb76bdd497f14,2025-05-11,61967.61
947f9f3a7dc047d2a3ad50f005a1d13c,3e8e250d45594da6b8e0140cc9a52840,2025-06-08,11388.14
264b37f19c09457bab002ed2cdd31c40,3e8e250d45594da6b8e0140cc9a52840,2025-06-01,55804.58
9f58a642aff04f37a1d99bd638b819c1,3e8e250d45594da6b8e0140cc9a52840,2025-05-25,28658.31
1647d2fdd8234087b931394cf3683fd1,3e8e250d45594da6b8e0140cc9a52840,2025-05-18,20912.79
3dc794f73d6e41389a626a7f0c7aceb7,3e8e250d45594da6b8e0140cc9a52840,2025-05-11,74892.79
c9f3bb5f57864b7fbb33d3af5bfa96bb,11d46d952cd447f999404186310bc1a2,2025-06-08,33071.59
f844e7ba96c74387977a10efee5d0379,11d46d952cd447f999404186310bc1a2,2025-06-01,99530.02
c6272e02c7ee40a5b752e8c36f5866c4,11d46d952cd447f999404186310bc1a2,2025-05-25,62817.71
1ff98e67eeb54678b405f74506370ceb,11d46d952cd447f999404186310bc1a2,2025-05-18,99129.56
d72a32006ec94ff893269b960c2cb485,11d46d952cd447f999404186310bc1a2,2025-05-11,39038.69
284a2c6dc97649598232eb09b0438874,48dbc20e79174a42940c5d9b4e761613,2025-06-08,32130.27
6654758bd51141429a07113315653c21,48dbc20e79174a42940c5d9b4e761613,2025-06-01,25163.96
ca35a07f42814dd68332635359744391,48dbc20e79174a42940c5d9b4e761613,2025-05-25,74643.23
a2bab9171fae4b22976e7408f8e3b6bc,48dbc20e79174a42940c5d9b4e761613,2025-05-18,36086.34
12ef7ea591974260a0edfafee7a32804,48dbc20e79174a42940c5d9b4e761613,2025-05-11,16607.61
55bf4f454b024b2f80c4d1fa88e5e9ac,dc530dfcaf424563b78aa99a84d25490,2025-06-08,74016.81
674239a7adc046e2b891247727c6ea52,dc530dfcaf424563b78aa99a84d25490,2025-06-01,20983.17
4178daff719547c2a323c148785a056d,dc530dfcaf424563b78aa99a84d25490,2025-05-25,51364.13
9a23004a1eef48039b5e09dfb5cd04e4,dc530dfcaf424563b78aa99a84d25490,2025-05-18,60702.2
25bc7fd445d24b21b9f071ff454a7537,dc530dfcaf424563b78aa99a84d25490,2025-05-11,14300.17
a7d1b7bd2ee84ac39275c5eb70a41aa7,236ea2aa1e1a4d4488636f0d774c3bfa,2025-06-08,42551.85
65dc724096ac4090a0a828d2c77ba621,236ea2aa1e1a4d4488636f0d774c3bfa,2025-06-01,37686.29
28a2a6a4ad104fc787338a383f96ac33,236ea2aa1e1a4d4488636f0d774c3bfa,2025-05-25,21533.12
5061406ae2064c0e9b8c442889040754,236ea2aa1e1a4d4488636f0d774c3bfa,2025-05-18,31543.16
fabda55df1e24d5ebd78b90b8114f9c3,236ea2aa1e1a4d4488636f0d774c3bfa,2025-05-11,42256.63
ee49a209f7d444f8b5e13374378f8c8a,9f4f44c29fdf4fc4806b3e2e68a5ff76,2025-06-08,18367.82
f2e3bbf2692a40cab1554d8599b910ca,9f4f44c29fdf4fc4806b3e2e68a5ff76,2025-06-01,76187.49
709c2268d37b408eb82fe71c030bf4a4,9f4f44c29fdf4fc4806b3e2e68a5ff76,2025-05-25,52680.89
47fd1731d88f41eba0ab3ec16d2d559c,9f4f44c29fdf4fc4806b3e2e68a5ff76,2025-05-18,67564.42
5b4bbf29ad5745e6bcedda2fbe10844e,9f4f44c29fdf4fc4806b3e2e68a5ff76,2025-05-11,83806.61
69acea5a6aaf4427934d3b8c99588364,b96d6dd4686448819e0493f54b1f2b80,2025-06-08,39824.3
19896ba858c04b579d5bd414ffa9c00a,b96d6dd4686448819e0493f54b1f2b80,2025-06-01,29895.64
152483f2591247b8949cb23dc6c4d073,b96d6dd4686448819e0493f54b1f2b80,2025-05-25,69175.72
9212e8aae1bf4601a5f48794fc145356,b96d6dd4686448819e0493f54b1f2b80,2025-05-18,45445.89
ece272efe726463795e638915e7df6aa,b96d6dd4686448819e0493f54b1f2b80,2025-05-11,10704.39
da9e3e7591234e3893d2020ff92f2991,1611c362492f4771b2b08707ccb5a275,2025-06-08,60093.39
7599cd41c25d4cf2ad01918a04675352,1611c362492f4771b2b08707ccb5a275,2025-06-01,87807.83
3938e8d431074d45ac4d926fd7435012,1611c362492f4771b2b08707ccb5a275,2025-05-25,78322.53
7dca1e6356d74c2598866da22967fc28,1611c362492f4771b2b08707ccb5a275,2025-05-18,46361.09
0b1f9b5f7f1446009926a2f880dc5bd8,1611c362492f4771b2b08707ccb5a275,2025-05-11,66411.05
48d7f52ee8d644488f30d38565eb5b8f,abeb147745544f6398aa06dbe9316f89,2025-06-08,77339.32
316e917484ce47fe947071035246ad1d,abeb147745544f6398aa06dbe9316f89,2025-06-01,47248.44
2f25c0ae188344bf8b94333005e25231,abeb147745544f6398aa06dbe9316f89,2025-05-25,81970.74
31a6eb7942b54110b29f41b2497fcd6f,abeb147745544f6398aa06dbe9316f89,2025-05-18,44199.81
41b85aaa2dda4f199b85f631a6a39877,abeb147745544f6398aa06dbe9316f89,2025-05-11,69474.66
a97dad5470264746bf534c1b836a7539,2f7212a2226e462cb477bf546ffb7d8f,2025-06-08,63370.11
1553aa6bbbce40109e77242238ea84db,2f7212a2226e462cb477bf546ffb7d8f,2025-06-01,25011.91
f4ab3705798c4f87a50d206ca9687024,2f7212a2226e462cb477bf546ffb7d8f,2025-05-25,79686.85
f916e29af2544cdd8a1120c8b69f5e66,2f7212a2226e462cb477bf546ffb7d8f,2025-05-18,94533.5
3bf446fc42c644149f3c570ff13fea48,2f7212a2226e462cb477bf546ffb7d8f,2025-05-11,58131.65
08e0813fb1a04d5289aed65307bc053b,f91866b5f43347ecb5ff41b70949ade1,2025-06-08,26701.42
f852f52a4fa64ee7850ff65f6d63a8ee,f91866b5f43347ecb5ff41b70949ade1,2025-06-01,89731.54
c85e131420444ae9a98b57412426e445,f91866b5f43347ecb5ff41b70949ade1,2025-05-25,57298.34
3f3089ee4ae54079b623d4806fdf1962,f91866b5f43347ecb5ff41b70949ade1,2025-05-18,24827.47
09694ffb5b254618852b1b819356b603,f91866b5f43347ecb5ff41b70949ade1,2025-05-11,58286.92
d6a793589d5b4f25995a75dccbd723f0,34064e9be7704f7b8e7fab96ae773073,2025-06-08,10144.94
5312da6887424daea2eedfe19a0fd713,34064e9be7704f7b8e7fab96ae773073,2025-06-01,78754.76
6f0c8a33da13471d83a574975459f06b,34064e9be7704f7b8e7fab96ae773073,2025-05-25,57424.81
817e4b2ef76d4c22ac2a1c3bf2ee0591,34064e9be7704f7b8e7fab96ae773073,2025-05-18,23883.62
0f76a1066d7e4cb9ac1e5ca077679262,34064e9be7704f7b8e7fab96ae773073,2025-05-11,43616.5
4dcc062c6c4d42e78bf1e81f2d0416c1,1a21c79209c5405a8b8511ab4726c36a,2025-06-08,13756.1
e92a7777e9744f5a8786686d836476d4,1a21c79209c5405a8b8511ab4726c36a,2025-06-01,90845.0
b70e5d77b12f421bb5fd13237eebf779,1a21c79209c5405a8b8511ab4726c36a,2025-05-25,56281.53
67b46ce926df44ed8d4ae82659e7637f,1a21c79209c5405a8b8511ab4726c36a,2025-05-18,48438.45
c28b794f6fc54bfeac23ae9bbb139255,1a21c79209c5405a8b8511ab4726c36a,2025-05-11,75474.38
8d347225ba68436f88492bfcf3bbb400,fa84cb75823d4aa1b86a81ecd01d219a,2025-06-08,71335.75
464028c5a7f6476c956018a791f6c667,fa84cb75823d4aa1b86a81ecd01d219a,2025-06-01,84862.28
15dec6b141f040359f61d646cae635dd,fa84cb75823d4aa1b86a81ecd01d219a,2025-05-25,53646.26
6f81c8b440364b36ad328bf7d7ba67c0,fa84cb75823d4aa1b86a81ecd01d219a,2025-05-18,46855.38
07190ee42d4449cc91e36020857c6e9e,fa84cb75823d4aa1b86a81ecd01d219a,2025-05-11,54568.82
a6f63ff3d8bc468e8871da6d05aa957f,5df28d58b0784807b53310229806927a,2025-06-08,11662.49
66add5458dfa42118ac9ba829b918662,5df28d58b0784807b53310229806927a,2025-06-01,95418.11
0fcbb65ec10e49f59659f1b67d772e20,5df28d58b0784807b53310229806927a,2025-05-25,35068.77
f92bfd2646ae4479912f9a112c0733ec,5df28d58b0784807b53310229806927a,2025-05-18,82153.91
8b7116b36183412ea30c3fc670e49453,5df28d58b0784807b53310229806927a,2025-05-11,29692.98
18d132a47236419fb2983bdaf504f60c,e8f429ce365a402bac9ca6471dd82669,2025-06-08,97620.94
ed537d5fe2c9460f8cadf6608c0872e8,e8f429ce365a402bac9ca6471dd82669,2025-06-01,76065.94
79b7744ae10b49bb827d409bd0ee3539,e8f429ce365a402bac9ca6471dd82669,2025-05-25,61707.89
4382aa46e7db45fabd722ca87ed567ad,e8f429ce365a402bac9ca6471dd82669,2025-05-18,84785.58
11e674b1014b4a05bd95fde29859c02e,e8f429ce365a402bac9ca6471dd82669,2025-05-11,52744.95
8e8dd58551b74f519d330108e5ffccfc,e717275b4e0242a99ce7561f3164a553,2025-06-08,23190.34
3e0a8adb35184bcc9e6c81ec0b708c15,e717275b4e0242a99ce7561f3164a553,2025-06-01,30794.59
9c34fa1708534f33a056fc52dbb6b209,e717275b4e0242a99ce7561f3164a553,2025-05-25,67256.05
d30321b1000d49d19750a419f838ed98,e717275b4e0242a99ce7561f3164a553,2025-05-18,17304.49
96d8bddf03e14735971473b486204f4a,e717275b4e0242a99ce7561f3164a553,2025-05-11,52981.83
a8677f63a72d488f94ba77d2437942a7,c6dc1926a21444c98f01fe907561570a,2025-06-08,90750.08
7b515b0cd7b943ec913be72e79fb2016,c6dc1926a21444c98f01fe907561570a,2025-06-01,71531.12
c7da50003dc240dc8c3915a11893f988,c6dc1926a21444c98f01fe907561570a,2025-05-25,73820.73
ce9bdecf7947422d95fa9b648c14cd00,c6dc1926a21444c98f01fe907561570a,2025-05-18,63973.02
5a2dcee14c0f4a52af7314f6352f34cb,c6dc1926a21444c98f01fe907561570a,2025-05-11,24277.66
80f693bd180f48b4a429972801203580,474ff12687ff4f16acd372f06cb6b92d,2025-06-08,55265.17
4816d91125714d4f83c9eb19fe9bcbeb,474ff12687ff4f16acd372f06cb6b92d,2025-06-01,66038.72
e311ada205274b01a8680f05c834a5bd,474ff12687ff4f16acd372f06cb6b92d,2025-05-25,34708.42
3d44fbd1226b41ada47f4e0097f14397,474ff12687ff4f16acd372f06cb6b92d,2025-05-18,73768.38
a580cc248eea4b8ba3def86f072f30df,474ff12687ff4f16acd372f06cb6b92d,2025-05-11,96883.12
77e5e87d02fe4088a3e1e2ed47ac5bb4,d5db12a7b9b547d983323ab850cf4082,2025-06-08,17828.7
ccd8d5da534f4df09440cbe85c8c6d48,d5db12a7b9b547d983323ab850cf4082,2025-06-01,71724.81
574659fda7ba4090bb053bc41a9c4c7c,d5db12a7b9b547d983323ab850cf4082,2025-05-25,73517.87
090738f1fb824b57a4600a83d7e8c996,d5db12a7b9b547d983323ab850cf4082,2025-05-18,36201.93
0432a50c4aba40c6a0d8153e2d12ef54,d5db12a7b9b547d983323ab850cf4082,2025-05-11,57390.7
c251454287b148478ded21a905b971c0,6f648729e725416d964b5328ae34d0dc,2025-06-08,71551.38
09e5b598ed6c4eac941ed2be08e4adee,6f648729e725416d964b5328ae34d0dc,2025-06-01,98448.42
02b17c2817bd40c98f0bc3ffd5da1e47,6f648729e725416d964b5328ae34d0dc,2025-05-25,24084.13
e50e9cb308cf46e49d308d878d57a543,6f648729e725416d964b5328ae34d0dc,2025-05-18,49938.65
a7645b0a794747078d0da44ae209415a,6f648729e725416d964b5328ae34d0dc,2025-05-11,78455.16
1678ec5b62494e7cb3cb0ed5b4deafdf,6d696f8f1cf843acb8fb7d18ce468a65,2025-06-08,85512.74
6fc0f651702f45b8b6f22bc00f505e28,6d696f8f1cf843acb8fb7d18ce468a65,2025-06-01,68672.23
4cb557479ac74a80b489bef356fda7ee,6d696f8f1cf843acb8fb7d18ce468a65,2025-05-25,81091.8
7a1ce6add64c4175bf9d2aaada5dc60e,6d696f8f1cf843acb8fb7d18ce468a65,2025-05-18,65693.68
87ab5cf0536846b7aa50c67af078ab1a,6d696f8f1cf843acb8fb7d18ce468a65,2025-05-11,48196.07
eac84c41ce8b47249e4f68341499e5a2,ba4a26ef07334ce3b0d9b93696315012,2025-06-08,40118.07
aee27fd46dc24faf828c410d8a451dbb,ba4a26ef07334ce3b0d9b93696315012,2025-06-01,34139.87
0fcf1959033d4c478cc24c36985b7ec5,ba4a26ef07334ce3b0d9b93696315012,2025-05-25,46563.32
e11b82e2d95e4cae9315ccc1aa3b4af3,ba4a26ef07334ce3b0d9b93696315012,2025-05-18,80841.73
11f3ef2beee1481f92eaced6568411e1,ba4a26ef07334ce3b0d9b93696315012,2025-05-11,16474.73
2fbee6dea9cc416d8da754f41259e8bd,7ba454befbd0495289681cb77d21f02a,2025-06-08,42237.14
255c117526d34052b42e8e13ae537f95,7ba454befbd0495289681cb77d21f02a,2025-06-01,67719.35
198ee636bfe642a38250d95baee2bc79,7ba454befbd0495289681cb77d21f02a,2025-05-25,37961.25
ff76a015c9024be59f34925a6237fe19,7ba454befbd0495289681cb77d21f02a,2025-05-18,20043.31
5911fcee2b1943b09bdc86077f884242,7ba454befbd0495289681cb77d21f02a,2025-05-11,46297.23
bdc3da1d45d7425894bdf99dcb731966,4fa78d3514a24cc98b24c61d81442863,2025-06-08,57644.96
d349538ad1684b67aac95dfdd23eace4,4fa78d3514a24cc98b24c61d81442863,2025-06-01,48409.11
721a814b7bfb48f58c8fe02563afb7f5,4fa78d3514a24cc98b24c61d81442863,2025-05-25,94182.88
daa3b7b114b642dfb643ea398339bcab,4fa78d3514a24cc98b24c61d81442863,2025-05-18,10714.26
7638732eadd1454782360e416146b8da,4fa78d3514a24cc98b24c61d81442863,2025-05-11,82804.96
2ea2c5583f4f47e5a70e6a5b1883c978,9db49220829740ec8521b6e444b259d9,2025-06-08,60915.21
b14ab2e95cf74bb28965f55caad9c4ac,9db49220829740ec8521b6e444b259d9,2025-06-01,28589.04
59a71c49bb954beeba55ce3bb9160e9a,9db49220829740ec8521b6e444b259d9,2025-05-25,76275.82
234ab041bf0e4baf82f74ee169d8ff82,9db49220829740ec8521b6e444b259d9,2025-05-18,83635.88
2509f855063b45f287040b2f24a213d8,9db49220829740ec8521b6e444b259d9,2025-05-11,15492.3
3f0e76e37e954a23bc73af13060a1b09,865d47f95e8043f38c98b162013651a1,2025-06-08,19923.16
0779c031e6ae4698bc7b96d42c5c8e95,865d47f95e8043f38c98b162013651a1,2025-06-01,80585.5
42b4df62a91444b59a0f3642bfe48496,865d47f95e8043f38c98b162013651a1,2025-05-25,85341.12
11fc10844ef549299c7bf6ea19f80d40,865d47f95e8043f38c98b162013651a1,2025-05-18,17727.53
af9ffb256fbb4dd5965762ad137cf9de,865d47f95e8043f38c98b162013651a1,2025-05-11,76276.73
5da63b1e62ed4f30a94eb85ce6b8be12,623a8c27712f48f19306dd6107f7510f,2025-06-08,61804.65
1fa1de865d4a4771b17731a72fd790d6,623a8c27712f48f19306dd6107f7510f,2025-06-01,68698.69
0780960b42bd49d199faaa919df5baa9,623a8c27712f48f19306dd6107f7510f,2025-05-25,23971.04
4cc6143260234939b443c642f1b736e0,623a8c27712f48f19306dd6107f7510f,2025-05-18,92976.83
0f6c1f100e5c49c58e64ffa536b0b599,623a8c27712f48f19306dd6107f7510f,2025-05-11,23012.52
68946ecb31f84bafbab4f41af23afd99,cc2b787b47914f54bd57b479ee581b0a,2025-06-08,57189.3
b626a322697d46dc9a43fba46b52e641,cc2b787b47914f54bd57b479ee581b0a,2025-06-01,78339.21
5890b45ad1084d429d87a6d0dfe22e72,cc2b787b47914f54bd57b479ee581b0a,2025-05-25,81269.23
8def9a9963f048cab9736ca26c4cc07d,cc2b787b47914f54bd57b479ee581b0a,2025-05-18,29346.99
388b61ab03bf463d8e6683bf3a223199,cc2b787b47914f54bd57b479ee581b0a,2025-05-11,79506.4
713f563acf3e4128b6414fdf8a45b767,c847e049dedd44399cfad156e7e02ce6,2025-06-08,64018.22
667a1c9bb31c49edb2141fa27d44dc94,c847e049dedd44399cfad156e7e02ce6,2025-06-01,53163.76
3d51078c120f4a3085f11f7090557faf,c847e049dedd44399cfad156e7e02ce6,2025-05-25,46918.88
38219fb9ed7b4512b32aa16a80656c8c,c847e049dedd44399cfad156e7e02ce6,2025-05-18,14393.79
9e1829eec7aa40d7964c4cc5c309b51a,c847e049dedd44399cfad156e7e02ce6,2025-05-11,66558.66
90b7bb62cb0446afbb059e3e518a84cc,3a94304673f143709844f7c5e3dac5c3,2025-06-08,78966.3
017836f7ddff4779adf1d4c8ba0a6f28,3a94304673f143709844f7c5e3dac5c3,2025-06-01,49230.45
57a9f57e463e4779ab331e8e3675359f,3a94304673f143709844f7c5e3dac5c3,2025-05-25,72474.21
df266e91dda74e31a890290ea552611a,3a94304673f143709844f7c5e3dac5c3,2025-05-18,95942.59
89de6f59844348e6bf9f12425789638b,3a94304673f143709844f7c5e3dac5c3,2025-05-11,82401.79
413f422d71174d0c8f2b72a6ef51beef,c23102bfa1af4434bf7b8ace596589b2,2025-06-08,88682.02
a1ee3f9a8c2f4441a485b98e462f585c,c23102bfa1af4434bf7b8ace596589b2,2025-06-01,97374.55
269a6e89333e4a13b37e8916eb3401e6,c23102bfa1af4434bf7b8ace596589b2,2025-05-25,34713.49
689c62f8c1d14b958d2ffd62c9ccac01,c23102bfa1af4434bf7b8ace596589b2,2025-05-18,81427.05
d8da3fb84682455699cc3d67e4ef8898,c23102bfa1af4434bf7b8ace596589b2,2025-05-11,27688.16
08c289fea8394427bd129aace5a12fc7,083774c275b64ac38f3793e4bc238ba4,2025-06-08,37001.09
49f4ae03a1af40f09b6cb3476a8cfbd4,083774c275b64ac38f3793e4bc238ba4,2025-06-01,10450.73
b0bcbbf5ba6543169ebd413b85345586,083774c275b64ac38f3793e4bc238ba4,2025-05-25,85465.48
a57937fe72464ef38d18772c1a403039,083774c275b64ac38f3793e4bc238ba4,2025-05-18,40027.95
3da84952348e4976a2365d362978eaab,083774c275b64ac38f3793e4bc238ba4,2025-05-11,29725.62
f800fcf56b03419b8ba3c6a2480daa5a,9335db8f8848421b88f76b9918ce722d,2025-06-08,77297.59
a6d3de9b6fe244b4be5df31216d257e1,9335db8f8848421b88f76b9918ce722d,2025-06-01,43725.52
6d8461f386f1448089cec658d7bf58a7,9335db8f8848421b88f76b9918ce722d,2025-05-25,89302.99
0ddc66592bde4642bd4c47d53dfbcc11,9335db8f8848421b88f76b9918ce722d,2025-05-18,45921.87
ebe0c0d958064e978519f0d29b67df31,9335db8f8848421b88f76b9918ce722d,2025-05-11,98808.81
70f088c20b754bd39fa0f147cc06d0a3,796038a187fa417da4c1f62d6f39855c,2025-06-08,53737.33
a642a144dca14c7eba96f7cb700dabbf,796038a187fa417da4c1f62d6f39855c,2025-06-01,93568.95
d5bcfeba53c64bb198bdb7065d363d18,796038a187fa417da4c1f62d6f39855c,2025-05-25,39366.64
77a2f30983284ce397dfbb402683208a,796038a187fa417da4c1f62d6f39855c,2025-05-18,34530.91
60c2fba218064eec8faff4f2232d68dd,796038a187fa417da4c1f62d6f39855c,2025-05-11,89267.61
c7708c1bd90c411ea232f3256a370d3a,839bcd7037184ab38e78314eb87109ae,2025-06-08,41054.53
283663fff9fd48c9969550526d94bc0a,839bcd7037184ab38e78314eb87109ae,2025-06-01,62719.35
46c95eb19ec640c1afef860be2c26aa9,839bcd7037184ab38e78314eb87109ae,2025-05-25,90324.66
50fc614637fe45d39e6c9a5d86cb91e1,839bcd7037184ab38e78314eb87109ae,2025-05-18,13681.26
6b57370912414ab09f1eb3d06be38874,839bcd7037184ab38e78314eb87109ae,2025-05-11,90147.78
d088c0e2b3b643069017a84d271a4171,ee2efb58255d4e498e66be029de102fd,2025-06-08,53610.02
7db7c1c101d14de995eb3a7579f2ac18,ee2efb58255d4e498e66be029de102fd,2025-06-01,34059.11
a3f5af440df44cc69e1083a353f23813,ee2efb58255d4e498e66be029de102fd,2025-05-25,77296.47
b4ec6ccdaa86468ab99c3ecf024e413b,ee2efb58255d4e498e66be029de102fd,2025-05-18,99150.68
88cd211c511349249e5b0ad4ad4af2c0,ee2efb58255d4e498e66be029de102fd,2025-05-11,66969.29
4d3dd5ddab4444a6abe55e3ee7c89872,6bf415c4987047d4a6b0dfb917f0a048,2025-06-08,22400.75
5962f5e5d1e74680b3cc815191f1f6c6,6bf415c4987047d4a6b0dfb917f0a048,2025-06-01,22242.97
148f3cb7706349e9b41594820793d718,6bf415c4987047d4a6b0dfb917f0a048,2025-05-25,66621.38
4cc0253c4e50473c92faf436c479fc45,6bf415c4987047d4a6b0dfb917f0a048,2025-05-18,77444.81
6467710424d44bc2aa56f428c096b0cc,6bf415c4987047d4a6b0dfb917f0a048,2025-05-11,45557.9
b076095b657a4aa8afba8e359b66d16c,0b7f944e96dc4197af860535227cc128,2025-06-08,72708.75
71fe27e69de64f288d864a67817b1779,0b7f944e96dc4197af860535227cc128,2025-06-01,81397.75
7b6ecc17059e4885b0872710ee3f2e29,0b7f944e96dc4197af860535227cc128,2025-05-25,66164.58
343f2a50d2b0421393aee906218df015,0b7f944e96dc4197af860535227cc128,2025-05-18,15666.99
f29452a749ce4f9b89d0c95b8ba793a4,0b7f944e96dc4197af860535227cc128,2025-05-11,63937.07
9afa85553e674280b4e33b0e6788ed83,a817676cf377463db2a227c80bc972b6,2025-06-08,23784.13
2b388faf8b394d5f912f0eeb9bb2a215,a817676cf377463db2a227c80bc972b6,2025-06-01,57764.41
f416808c5e2f45b1954b5eb1c7bd6f83,a817676cf377463db2a227c80bc972b6,2025-05-25,98332.15
29332f7ba93148cc96fbbfe113010a92,a817676cf377463db2a227c80bc972b6,2025-05-18,46789.12
e60e1dc19d0f497ab27bb5c31133a083,a817676cf377463db2a227c80bc972b6,2025-05-11,76499.73
a7458f6efef64e5c8667bd9b5e00899e,c5e81ba50fc84bf89ef18b1e60467f8b,2025-06-08,93293.81
1fa369e7bbed4a02bf0aa19d5954f4d4,c5e81ba50fc84bf89ef18b1e60467f8b,2025-06-01,23820.75
aee79d80be4a40d68da985c5f8b6d424,c5e81ba50fc84bf89ef18b1e60467f8b,2025-05-25,55118.04
d39fbe95aa7d4bf9aa5ef04808393dcc,c5e81ba50fc84bf89ef18b1e60467f8b,2025-05-18,76407.67
59ded8b58acb4b77a6ca0898284008df,c5e81ba50fc84bf89ef18b1e60467f8b,2025-05-11,25364.12
088c4266a3574b8a908a85ff0fae1db0,7e49038ead91463583acb7c12931bd64,2025-06-08,17694.22
1403878c7b9b4011ae517fc07269c890,7e49038ead91463583acb7c12931bd64,2025-06-01,89311.69
667b5283a8aa43bda3d6317e3920b25f,7e49038ead91463583acb7c12931bd64,2025-05-25,42167.51
4c56f92b69d545af95aa0ed3e834f7a0,7e49038ead91463583acb7c12931bd64,2025-05-18,38888.41
bae47649d4894dcbb494f79f31b77add,7e49038ead91463583acb7c12931bd64,2025-05-11,89746.02
09f5ef3caa8b4d80a195dc02f2016f2b,e52c45759964471d931f3197b4ce1c74,2025-06-08,80620.1
17f8a0779f7c4157881353890a37afe3,e52c45759964471d931f3197b4ce1c74,2025-06-01,85458.78
8c53408d6e4f41f185a1cb4c28a30eeb,e52c45759964471d931f3197b4ce1c74,2025-05-25,29575.72
2db3831ae2944805bd978078e254a387,e52c45759964471d931f3197b4ce1c74,2025-05-18,32131.01
48f33f5c060b4dfd8a1696609038fd61,e52c45759964471d931f3197b4ce1c74,2025-05-11,11764.92
1e7f928d7c7f413b9864274db3fb7591,fc5ac013d7fa4a1aa2c105a91c09c7da,2025-06-08,54741.47
316410035aea47f69e5cad9d14a4c0cf,fc5ac013d7fa4a1aa2c105a91c09c7da,2025-06-01,40616.57
941e0ee052f241b099ab13151193fca4,fc5ac013d7fa4a1aa2c105a91c09c7da,2025-05-25,38802.3
649022cc064a47c8b4974497ae64e3e4,fc5ac013d7fa4a1aa2c105a91c09c7da,2025-05-18,22488.38
e2768fcec5d843809a839daf9b30f43f,fc5ac013d7fa4a1aa2c105a91c09c7da,2025-05-11,92276.73
64f1588b7900472da38daae8123564e8,e15eeb65dfe740bda1e16c2fcdc4e95b,2025-06-08,44764.96
99d4069c909d451eb4f53b29b66cb479,e15eeb65dfe740bda1e16c2fcdc4e95b,2025-06-01,47510.65
7775d52bec5d4c2c93f0ef5db2534992,e15eeb65dfe740bda1e16c2fcdc4e95b,2025-05-25,29578.97
1d4d56da8f8a4d99b2104874423c6462,e15eeb65dfe740bda1e16c2fcdc4e95b,2025-05-18,64660.59
a1b6e16d460f4a08ad68ffd83d949af5,e15eeb65dfe740bda1e16c2fcdc4e95b,2025-05-11,45789.85
0e187ef9f8cc44a499acfae4604b78a0,ae68d206937b41b195701a98597b61f3,2025-06-08,67721.3
f1212c2df52f416f95442c27a9914433,ae68d206937b41b195701a98597b61f3,2025-06-01,34029.54
889ff72d52134cbbbd2ef0cc1bba56d6,ae68d206937b41b195701a98597b61f3,2025-05-25,77354.95
17980babd15e49aba9b10a635e526d0b,ae68d206937b41b195701a98597b61f3,2025-05-18,10227.49
65fa05d1c31a489b88381e6b3076220d,ae68d206937b41b195701a98597b61f3,2025-05-11,60506.08
49d3340a90fb41158075424b71518d37,23ad79cf60ac441b92e81665cdab2f7a,2025-06-08,79908.54
0b81346503da4df6a2a43cc5be1fb52e,23ad79cf60ac441b92e81665cdab2f7a,2025-06-01,12013.83
af870bd2db0c42c5a1429adb95aa019c,23ad79cf60ac441b92e81665cdab2f7a,2025-05-25,53244.79
07e0401f2f6644039fb1ab4155ac80ed,23ad79cf60ac441b92e81665cdab2f7a,2025-05-18,40905.45
611aa7dd11324fea9607ce096443f741,23ad79cf60ac441b92e81665cdab2f7a,2025-05-11,69967.34
4c8fa351faca44a4b7fb3c9d4d5f60a3,f705315ef39b4f1aa2837cd26bf3409c,2025-06-08,90433.95
c18efeb1dbfc430b8b9ae83b3aeb4ece,f705315ef39b4f1aa2837cd26bf3409c,2025-06-01,72727.06
f2994ea1550e4b57abc1903ff9299a8e,f705315ef39b4f1aa2837cd26bf3409c,2025-05-25,94434.26
737dcae1f8d1419eaeb87ffb82d0cf1c,f705315ef39b4f1aa2837cd26bf3409c,2025-05-18,64643.49
28c815b2c3f948d5b858bb35eac3f613,f705315ef39b4f1aa2837cd26bf3409c,2025-05-11,15820.67
36ad60c7d3634dcf80323d6fd6b5ebbe,d13dd7940a1940d289efd256e6052eed,2025-06-08,53494.7
70ce6078d94d4969bde9b8b1c175f54b,d13dd7940a1940d289efd256e6052eed,2025-06-01,43329.28
31ea12c15a6941c69afe7850471080b2,d13dd7940a1940d289efd256e6052eed,2025-05-25,23785.91
acd436945555468ba6aef6b14d679e24,d13dd7940a1940d289efd256e6052eed,2025-05-18,70982.76
66caa93edb6c48f5855b032fbe4bee93,d13dd7940a1940d289efd256e6052eed,2025-05-11,34960.31
f49b60b213cb48ec8ffadb44bedfdc53,2a2007ca07aa4a85a9983e93a944ad67,2025-06-08,18637.96
d38186e30f0b4341970c896c04422b55,2a2007ca07aa4a85a9983e93a944ad67,2025-06-01,37613.71
586f8823770c4f08ba6eed8f0f507d56,2a2007ca07aa4a85a9983e93a944ad67,2025-05-25,80267.73
01f068d5b2a14ff1925e5cf2532da943,2a2007ca07aa4a85a9983e93a944ad67,2025-05-18,40514.79
1bcbcdebdb204d3b94611283b9fb6657,2a2007ca07aa4a85a9983e93a944ad67,2025-05-11,70496.59
cdea43a97d1348f7865b5e40765a868f,f18f5559b0e540d3acdde4429e41219c,2025-06-08,48649.96
cea39a9c9bf045f59b8961fa107c8f4b,f18f5559b0e540d3acdde4429e41219c,2025-06-01,34803.34
d42f732270174fb4907f8a5255abbd8f,f18f5559b0e540d3acdde4429e41219c,2025-05-25,58734.79
cfdff66d0f9d44f79f728092b5d87139,f18f5559b0e540d3acdde4429e41219c,2025-05-18,56801.21
91532064c3c346bda0834114ca76678b,f18f5559b0e540d3acdde4429e41219c,2025-05-11,70566.75
ec23a91e30a7423e9eb298861d432c09,dad96fd0cbd54c8d9d8ae11688b62323,2025-06-08,32008.35
075dc053bff744d4ad2189f9cdc0d98d,dad96fd0cbd54c8d9d8ae11688b62323,2025-06-01,80256.12
ee3822cdb9d44caea5af8f4076259433,dad96fd0cbd54c8d9d8ae11688b62323,2025-05-25,40270.97
4afa4f31352a441ab3245f708e86b770,dad96fd0cbd54c8d9d8ae11688b62323,2025-05-18,61332.81
91c3bb05587740fd8431be7a2c96476b,dad96fd0cbd54c8d9d8ae11688b62323,2025-05-11,34490.2
d35986078c584fe795a06926225c32b4,7621aee19cf24e839beb7697bdf2946d,2025-06-08,50044.72
bfe6745cc4394b1aa32e9ce561e28a34,7621aee19cf24e839beb7697bdf2946d,2025-06-01,41545.45
bd5f85f7d15646858d98b10990e81bbe,7621aee19cf24e839beb7697bdf2946d,2025-05-25,80211.88
a9f4510515a449e2b4e60f09b8a7ba2c,7621aee19cf24e839beb7697bdf2946d,2025-05-18,62411.4
e90098653a934426808be2bdc12932e2,7621aee19cf24e839beb7697bdf2946d,2025-05-11,13303.04
b506e7dd80e64378aeee4cfe39439177,d519d58f216a4f19b583b8f41b23e6ca,2025-06-08,11686.78
ffd1db43c6af48e7b6d51709b958e987,d519d58f216a4f19b583b8f41b23e6ca,2025-06-01,39352.93
cfe6bd7a6fcf41a08a1518c2152de2df,d519d58f216a4f19b583b8f41b23e6ca,2025-05-25,75275.58
64aae23f83734594b67c57f639ad299b,d519d58f216a4f19b583b8f41b23e6ca,2025-05-18,33699.16
0bad1667be004986a643fb839698725b,d519d58f216a4f19b583b8f41b23e6ca,2025-05-11,81441.24
d23ddc5fda4a4f48bf3d00cabab4ed81,96e8d8782a7943f882ed5fa24a72da2e,2025-06-08,28922.22
ab104f0461f14515b4e8ca3baff2d023,96e8d8782a7943f882ed5fa24a72da2e,2025-06-01,85180.99
2f32a20e53c14f46af607a9101036a37,96e8d8782a7943f882ed5fa24a72da2e,2025-05-25,30038.96
826c9fbb9b714d1998d0af1a157effec,96e8d8782a7943f882ed5fa24a72da2e,2025-05-18,78925.15
1b1bcc0d3a534b05af5a83ce0e5ecdaa,96e8d8782a7943f882ed5fa24a72da2e,2025-05-11,58333.91
fe1bfb86a91e492d8fc108b35abe0f09,cd029afc492242878605fc064b42a825,2025-06-08,69151.84
1df69d42ea994f22963dcef4345d0a84,cd029afc492242878605fc064b42a825,2025-06-01,19166.37
84f89f6d1b344450a3a51a0ebc2f513f,cd029afc492242878605fc064b42a825,2025-05-25,87384.11
141c8c2f218d4361a8760d84169c45a4,cd029afc492242878605fc064b42a825,2025-05-18,82063.28
57528574f5e248bca48c6f1c8803e445,cd029afc492242878605fc064b42a825,2025-05-11,25724.92
e60bebca89f94f0b9040e88cf10cf0d0,9057c4a71abc47749fa6bf778dc40365,2025-06-08,22677.76
c0002c1d8911406aa40375b3fe591ccf,9057c4a71abc47749fa6bf778dc40365,2025-06-01,10240.56
e8b44bc935064dd199975b2817733fa7,9057c4a71abc47749fa6bf778dc40365,2025-05-25,62403.63
846f79ccd2724b7d866124aa2375e59b,9057c4a71abc47749fa6bf778dc40365,2025-05-18,79091.36
1cbfa0437f2d4fc3bc2c3a2f46b021d9,9057c4a71abc47749fa6bf778dc40365,2025-05-11,87273.62
f91fcb73613246a2a8f15474564944f4,f1109ffca0374c63b0e8394a646b1d85,2025-06-08,14839.14
662c6a069a564d4492dc88ce3296bace,f1109ffca0374c63b0e8394a646b1d85,2025-06-01,46442.38
c533005efac44d95b0f9f5f8f085cf14,f1109ffca0374c63b0e8394a646b1d85,2025-05-25,95451.54
96480276b7c34fa7a586e833dc8e71be,f1109ffca0374c63b0e8394a646b1d85,2025-05-18,31689.19
ee2a2d03aa07422b89e94b5c4ef0201d,f1109ffca0374c63b0e8394a646b1d85,2025-05-11,87861.6
0b1fbbca70e746f8ba4511ca9d8f69ef,1427632cde9c4fb893c2764c0ecc6eb3,2025-06-08,41119.68
00ea4b46943a46fab9ff88784d33bdc5,1427632cde9c4fb893c2764c0ecc6eb3,2025-06-01,42394.78
2d11afc06a994fa486545440c400263d,1427632cde9c4fb893c2764c0ecc6eb3,2025-05-25,51743.16
a44bb30ea2dd4de3b44ba40830014add,1427632cde9c4fb893c2764c0ecc6eb3,2025-05-18,21249.04
e94949bbf20541e98d22da7b1a26cfc3,1427632cde9c4fb893c2764c0ecc6eb3,2025-05-11,14585.79
e4304b05298646fbad2e79a8421193e7,a6dcd43a897445089ccc74984a015795,2025-06-08,14296.48
9404c1d7083148469009474119746fb7,a6dcd43a897445089ccc74984a015795,2025-06-01,21076.24
e78d81f19d194b3abd967bc115e738ea,a6dcd43a897445089ccc74984a015795,2025-05-25,39972.33
a3bdd1746b604af5823aa5dc6ce8f6e6,a6dcd43a897445089ccc74984a015795,2025-05-18,32703.5
13fdd502c20e4872922fa0bc0d1ebdb8,a6dcd43a897445089ccc74984a015795,2025-05-11,50936.87
75c67be0b9614252b1c751c11268d159,9d0676d0a8524322821b8ae950fdcfff,2025-06-08,30584.46
46227576d6514c8aa6f9071d494f22ee,9d0676d0a8524322821b8ae950fdcfff,2025-06-01,35896.28
522dc107717643b184dd0361455f63fd,9d0676d0a8524322821b8ae950fdcfff,2025-05-25,96484.71
8cef5a3ac47b4a89a29639f8876a004d,9d0676d0a8524322821b8ae950fdcfff,2025-05-18,31635.27
d36595f877f2468b99c6873d8c55dd4d,9d0676d0a8524322821b8ae950fdcfff,2025-05-11,16458.09
2528c0c982eb40be9dfc65bc24e17750,a503455089c54ca3b9437aac3d95884b,2025-06-08,90498.79
b44bdbb7d0c6401e854870d0ff5ad2dc,a503455089c54ca3b9437aac3d95884b,2025-06-01,33617.35
414b7922dccf469c8aca2fa9fc8f7fe4,a503455089c54ca3b9437aac3d95884b,2025-05-25,58290.37
ba4ab637b23744a1a54c6b7136917b56,a503455089c54ca3b9437aac3d95884b,2025-05-18,22014.27
a20e0eb5c5f4471bb8710cfcf97fede7,a503455089c54ca3b9437aac3d95884b,2025-05-11,41715.79
6f5430e262834a0188aff9c20db3eaa0,fb3efa5ef8f04d5a927fe2318300e11e,2025-06-08,42875.42
da0bdfabdbae437d8b1a85fea665f07e,fb3efa5ef8f04d5a927fe2318300e11e,2025-06-01,96573.18
31d395423b2149deb84f8c9dbc9211cc,fb3efa5ef8f04d5a927fe2318300e11e,2025-05-25,40308.98
f827fdbf14ac4f2ba1eec96512afd092,fb3efa5ef8f04d5a927fe2318300e11e,2025-05-18,32910.61
25f40fd96e2242609bf41008de4119b6,fb3efa5ef8f04d5a927fe2318300e11e,2025-05-11,30092.57
e616e22f4c84422d9ec1265e24a23c6b,fa905e7bc56c4f68a3cafd85fb93a16a,2025-06-08,34332.71
d53003d9885a40a596461b94d0a28f5f,fa905e7bc56c4f68a3cafd85fb93a16a,2025-06-01,96976.34
58f509d9b16a4e07933bccba854ca2cb,fa905e7bc56c4f68a3cafd85fb93a16a,2025-05-25,67049.2
a4f22cb8725c4661bcdfc26150134d71,fa905e7bc56c4f68a3cafd85fb93a16a,2025-05-18,37811.85
9f7381778c1d400a88e5e7b5ed2c36c1,fa905e7bc56c4f68a3cafd85fb93a16a,2025-05-11,45415.71
