id,property_id,bank_account_id,reconciliation_date,reconciled_by,variance,note,created_by,created_at,modified_by,modified_at
7ae1e11db2a940ecb01de46d6befeecf,8a84f65e5a744c639b342ab3f7937fed,34d4c182e9a24b2ba115f8813d25c570,2025-06-08,Tamara Jensen,-171.2,Religious subject design structure produce court president.,system,2025-06-08 17:17:13.636554,system,2025-06-08 17:17:13.636554
89b445f21e504ad4b023f1524cc8752c,10e3338faaa449b5a588b83692e0df87,601dfd10cbd741e28471b7414a9b8151,2025-06-08,Donald Conner,148.7,Scientist happen perhaps accept foot hot.,system,2025-06-08 17:17:13.636554,system,2025-06-08 17:17:13.636554
64d64468888a4d40b542ce42ad093224,fdd710b1997d4b09a152914cfbf33c3a,af8fb436f520499886d518db44b5f483,2025-06-08,Chris Wiggins,-32.41,Able him camera probably walk buy.,system,2025-06-08 17:17:13.636554,system,2025-06-08 17:17:13.636554
b64fa1ff2eb24605bc042908f076d5d5,27959407d7004daba8bcc815dc1c2218,e4655972e1be44718da9601b49aac82b,2025-06-08,Michael Wilson,119.57,Do away cup choice all glass.,system,2025-06-08 17:17:13.636554,system,2025-06-08 17:17:13.636554
9b380d7f751e45abb541ca31a02267dc,aefb2813a7094034bb8ed4c5a8d7db0e,7eaef472aa334b3cb25b8eb2289a762c,2025-06-08,Kevin Craig,-185.93,Wear plant record shoulder.,system,2025-06-08 17:17:13.636554,system,2025-06-08 17:17:13.636554
39dc64c59c124f838b1841e5324ca26d,abb1cac40a984cb182cebbf74302c8a3,ab3d8a07f709454cbb0ba3e387ce246f,2025-06-08,Tyler Gomez,-262.21,Measure audience step account market can.,system,2025-06-08 17:17:13.636554,system,2025-06-08 17:17:13.636554
e81a5e7d3119401e8bd5778d1767d4e8,f0299242534841b1856fd44d191e37e1,9f85cfe3c9bb425882735e33bb999f8f,2025-06-08,Charles Jordan,-355.43,Board some economy answer.,system,2025-06-08 17:17:13.636554,system,2025-06-08 17:17:13.636554
9fecc1133d5747678a451d9d43ff6eb1,deae04cfc3654d10b75ff8e3ce78ae95,459e2d85e2224330b060e4a2904bc589,2025-06-08,Brenda Hale,-133.28,Raise adult expert recent.,system,2025-06-08 17:17:13.636554,system,2025-06-08 17:17:13.636554
c2628556f3704f1087726d616a9c1e7a,c291ec3bb17a49788b7faa4629f5e82c,04c1b8d3cef44ffe94ff2228b891415b,2025-06-08,Scott Martin,-127.12,Citizen understand usually director.,system,2025-06-08 17:17:13.636554,system,2025-06-08 17:17:13.636554
dd8d70cbe6864322973604320df8d24f,9c0b582b92d7436cb2911dac20e49281,47eec58a56c24feb936822cebf2aa3f1,2025-06-08,Teresa Foster,52.69,Author high eye ever say member bar wrong.,system,2025-06-08 17:17:13.636554,system,2025-06-08 17:17:13.636554
50e3824b1db140bd914b80cdd8398441,20c8022c5b0540eca28cfb7b565025a8,9b1a176fc9764ea4b6c1f1ee60a680ee,2025-06-08,Sherry Simmons,333.99,Rise chance pattern fly professional table.,system,2025-06-08 17:17:13.636554,system,2025-06-08 17:17:13.636554
1a166864827a47ff974321c6615cbf88,b5c3f485f434498ba24ac407abe8ab32,7710d4b13a9a4ef79fb17796d2266c2f,2025-06-08,Amanda Collins,174.15,Again begin nature strong.,system,2025-06-08 17:17:13.652197,system,2025-06-08 17:17:13.652197
ccc14c0d0dda43979f6780b9773e159c,d65ca995a50947feb0c7db72ba08ab64,6cfd605734e64c0cbfe3cfdb6f1a1afd,2025-06-08,Darryl Stanley,82.07,Other firm data product candidate receive.,system,2025-06-08 17:17:13.652708,system,2025-06-08 17:17:13.652708
241924d025fb40acb0f369a42c521425,a8fee8de9da643d08e07417deea2f60b,721bbebe80f4411daa8e99833afbad98,2025-06-08,Alex Patterson,467.97,Political without development value feeling game question.,system,2025-06-08 17:17:13.652708,system,2025-06-08 17:17:13.652708
02ce1010974842d3835ba03f2c373912,6822f6b983e84541a4d1c6bec0d01fd3,1ec36f6c3f3b44b09332aa0b061f88d7,2025-06-08,Casey Johnson,-155.99,Weight kid especially former size affect.,system,2025-06-08 17:17:13.652708,system,2025-06-08 17:17:13.652708
3df61ac5cd234cf7b42d67c204ee4c7d,c54aec5835364a6f89c40dfa850ec741,66250ef958fb4f34aabc329ab1efc8eb,2025-06-08,Jason Thompson,246.84,Myself carry pretty just section growth.,system,2025-06-08 17:17:13.652708,system,2025-06-08 17:17:13.652708
0c4983d01bad47e993d1653dd5abda26,392af4eaf3af44e98cddbedb71405625,8b187b1b850a4b3e9c2f071ce792222b,2025-06-08,Dominique Rodriguez,-198.59,Particularly back couple less.,system,2025-06-08 17:17:13.652708,system,2025-06-08 17:17:13.652708
cef1c314414a44ceb5710c216cee8932,145dd14fd79248629774a81486e8d323,6ad9054d4e5440a29ed7adf42b40ff67,2025-06-08,Joshua Mcguire,-12.2,Actually feeling source foot down wish.,system,2025-06-08 17:17:13.652708,system,2025-06-08 17:17:13.652708
118e0c5e7f5345dc90df2b42879226e8,cdc6407645c94d80bbcd015fc4e983d7,804dc92f8b0f44c597695d3c687ccbd3,2025-06-08,Taylor Brown,427.97,Us culture part rest take.,system,2025-06-08 17:17:13.652708,system,2025-06-08 17:17:13.652708
8e10be15250941299eefb9bb696e1192,436cb1f98cb44061a11b7c763e37e5c3,f603129501d24640a9af91f390289e7d,2025-06-08,Christina Castro,-402.28,Both store value style.,system,2025-06-08 17:17:13.652708,system,2025-06-08 17:17:13.652708
ccce89d3389a4908a62e6f5875927493,d1962743a4874a83abbca761a2ed6b71,838ba59cecfb4e09b008a0a7473a32f2,2025-06-08,Kristy Harris,-91.22,Pull appear blood investment a one issue.,system,2025-06-08 17:17:13.652708,system,2025-06-08 17:17:13.652708
97d0b20910414a33846812052b3d0f87,fb74de25a5f847c8bd9fd96567c98a0a,5c104f5f2b5740a4aa5dbb5e7660c4b5,2025-06-08,Laura James,-455.69,Recent cover from without particular PM model.,system,2025-06-08 17:17:13.652708,system,2025-06-08 17:17:13.652708
364d1fe68c9549358f08f0c384486f5e,25e2f050ba8740b7b21a87f7154bbb1a,6a95eeecbcaf44e49ed2dd23179fa64e,2025-06-08,Chris Forbes,287.41,Bill eat none body defense.,system,2025-06-08 17:17:13.652708,system,2025-06-08 17:17:13.652708
1e18ff2874254c43ac322049b1241665,6d15a3b471844e92b5c9d22008e537b4,028e1b6e5c0744a4b29403410d184552,2025-06-08,Kevin Cox,409.95,Where right trouble change attorney.,system,2025-06-08 17:17:13.652708,system,2025-06-08 17:17:13.652708
938bc5de0646477696e0710f51613436,c41a12d4751648e9a00808ff3d347dda,039e785cd96545f682b07b3acab569bb,2025-06-08,Karen Clark,273.41,Art once left best.,system,2025-06-08 17:17:13.652708,system,2025-06-08 17:17:13.652708
93e16001030840818c14166a93e138ef,10e765e6808f474fbe17949051750b24,2bc0cbde5bd7432faddee13e0e1a58d5,2025-06-08,Carl Jackson,-237.51,Less leave camera church.,system,2025-06-08 17:17:13.652708,system,2025-06-08 17:17:13.652708
655e87cf1cd24b71a126629e979cb018,fc976e56aaa74e3b91a66fe34f744123,d5761022615e457aa42f7507fcbcd5f5,2025-06-08,Troy Baker,140.28,Agreement anything black list relate if member.,system,2025-06-08 17:17:13.652708,system,2025-06-08 17:17:13.652708
a530a7b33ad5417d8f83feff11028cf9,79add5f857c54eb8841f55ac8bd0001c,7dffdf1ebb804b659729ef5cccc1d25b,2025-06-08,Theresa Holloway,276.69,Media bank choose feel before impact discover.,system,2025-06-08 17:17:13.652708,system,2025-06-08 17:17:13.652708
bd7f39f468dd40c995f2e6eaf64cd7dc,c3b33d14ae1547ca90c22b286ed9707d,349f4e2d7346413795ed55fedc5ef230,2025-06-08,Donald Moore,-89.46,Must push everybody same factor police girl.,system,2025-06-08 17:17:13.652708,system,2025-06-08 17:17:13.652708
282ba7839b934d699d129023be5643cb,196fecd38004412fa0eadddabb5cc820,369f73a5ba1c421ca9a3436166b446be,2025-06-08,Steven Taylor,-261.66,Rest skill how fight hotel understand early.,system,2025-06-08 17:17:13.652708,system,2025-06-08 17:17:13.652708
e72a4224dcab4d33a8b66d725e3e614a,df5af0b214574c9092eded2741814dca,11d46d952cd447f999404186310bc1a2,2025-06-08,Jeffrey Williams,241.66,Set also even technology behavior pattern.,system,2025-06-08 17:17:13.652708,system,2025-06-08 17:17:13.652708
3970f5cd857b4be0b75e47596cbd2d91,18bf7a26d89e42dc9731768d79ce93ff,dc530dfcaf424563b78aa99a84d25490,2025-06-08,Brianna Lane,155.2,History pay break early.,system,2025-06-08 17:17:13.652708,system,2025-06-08 17:17:13.652708
57fd00c3eed64ab1bcc23ae8a7708557,012ad9cdd5474e5fa3483c0192c1ded6,236ea2aa1e1a4d4488636f0d774c3bfa,2025-06-08,Erica Ingram,462.33,Soon difference glass hour thousand help.,system,2025-06-08 17:17:13.652708,system,2025-06-08 17:17:13.652708
26c315bd0df046c2b088971cdc101cb1,f3d664c947964806a6700c633fa6b03a,b96d6dd4686448819e0493f54b1f2b80,2025-06-08,Amber Downs,-198.05,Executive carry point white popular.,system,2025-06-08 17:17:13.668220,system,2025-06-08 17:17:13.668220
6b4f7c28d401489c9cef3a3236edb00b,e1fbe4e430f84d1b86c4bf086904456f,abeb147745544f6398aa06dbe9316f89,2025-06-08,Dale Williams,-498.12,Exactly worry cost research house cut compare.,system,2025-06-08 17:17:13.668220,system,2025-06-08 17:17:13.668220
1c54b9c48a7941f1811795ce5d6c4949,0516448bc8524302b30110e47dba5417,34064e9be7704f7b8e7fab96ae773073,2025-06-08,Tracie Taylor,-481.76,Easy table bring say information hear fall will.,system,2025-06-08 17:17:13.668220,system,2025-06-08 17:17:13.668220
face68a82c314a62ae7598ff9252607b,9dfa7abd5d72408e9afc471065f29875,1a21c79209c5405a8b8511ab4726c36a,2025-06-08,Michael Wagner,-398.24,Son central computer adult.,system,2025-06-08 17:17:13.668220,system,2025-06-08 17:17:13.668220
54ca3c1a2d184f6d868cf110245c3997,817f9a6ffacd494d89ea45d4493e4c6d,5df28d58b0784807b53310229806927a,2025-06-08,Diane Todd,-99.55,Expert perform personal somebody lay.,system,2025-06-08 17:17:13.668220,system,2025-06-08 17:17:13.668220
c83ab321290a4e4d81396543d26e2272,b555d6a6f36e44099b666cbc52358d60,e717275b4e0242a99ce7561f3164a553,2025-06-08,Zachary Reed,92.9,Over arrive nice account.,system,2025-06-08 17:17:13.668220,system,2025-06-08 17:17:13.668220
2e36134f8e614b4da7e1627b43e1384a,4ee9dae93e5d4058983ce8e362959966,d5db12a7b9b547d983323ab850cf4082,2025-06-08,April Davis,475.8,Level fly ability state quickly entire.,system,2025-06-08 17:17:13.668220,system,2025-06-08 17:17:13.668220
1063f0d73b7244eaaa9f4609dcc53d1a,b4a91b43f76b46cf9cf4e2007fb6fe16,6d696f8f1cf843acb8fb7d18ce468a65,2025-06-08,Peggy Hansen,133.6,Why again conference travel.,system,2025-06-08 17:17:13.668220,system,2025-06-08 17:17:13.668220
e6cdb8502b7a4358bf2f3ef2d57444eb,2eee371f47e7472983132cb33bc809cd,ba4a26ef07334ce3b0d9b93696315012,2025-06-08,Mark Brock,-403.98,Animal agreement push avoid today.,system,2025-06-08 17:17:13.668220,system,2025-06-08 17:17:13.668220
b648648fbef046bca6313c9cc60dca22,15c7435881784925918cf47dcdc7cce3,9db49220829740ec8521b6e444b259d9,2025-06-08,Michael Leblanc,229.53,Ten actually who fill anyone enough.,system,2025-06-08 17:17:13.668220,system,2025-06-08 17:17:13.668220
a1c2d03de951456ebb6fbe180fe2d423,2ca77569b27241f59a958fbeab8293b4,623a8c27712f48f19306dd6107f7510f,2025-06-08,Sarah Nash,-7.3,Will process different friend common spring soldier.,system,2025-06-08 17:17:13.668220,system,2025-06-08 17:17:13.668220
e833993fc1cf4ac390ccd9644938b2a8,e41c7a463fc548b1bc25d66fc4c27994,c847e049dedd44399cfad156e7e02ce6,2025-06-08,Jose Garcia,89.87,Agency color new add.,system,2025-06-08 17:17:13.668220,system,2025-06-08 17:17:13.668220
7715822eab2c408c9222866ddc2c7d86,18764bf0aeab4dee8a5f00029ce0dae3,c23102bfa1af4434bf7b8ace596589b2,2025-06-08,Michael Espinoza,220.36,Pattern dark physical speak nor.,system,2025-06-08 17:17:13.668220,system,2025-06-08 17:17:13.668220
60c1781c3c044cf8bacb97e0ea93355e,edf167dc6a994195a155010cb0f2fb1f,9335db8f8848421b88f76b9918ce722d,2025-06-08,Rebecca Moore,306.64,Cut nothing education significant move book reveal sit.,system,2025-06-08 17:17:13.668220,system,2025-06-08 17:17:13.668220
3e6485fd40034d6f8f4d2bbe79ad0c61,5d1b8fe1f39f45f288c0dcd3f10fa4a8,839bcd7037184ab38e78314eb87109ae,2025-06-08,Sharon Wolfe DVM,193.53,Seat world politics rich somebody improve western.,system,2025-06-08 17:17:13.668220,system,2025-06-08 17:17:13.668220
16ccae6af3c14a578a73f23a4855b241,e72f3bed0dbd4a90b9acc2303b6889a2,6bf415c4987047d4a6b0dfb917f0a048,2025-06-08,Mark Lewis,474.19,Specific model a receive opportunity girl author class.,system,2025-06-08 17:17:13.668220,system,2025-06-08 17:17:13.668220
4986cd47937046c2962dfdd6844302a1,2166b048097e45dd83216477e866a8f4,0b7f944e96dc4197af860535227cc128,2025-06-08,Tyler Thomas,-375.51,And finally somebody course indicate successful race large.,system,2025-06-08 17:17:13.668220,system,2025-06-08 17:17:13.668220
1b58bbe7930d42afa07cdb14c7a7ae0d,36b8a1683b5244cc8c5abdbe4d0d76e0,c5e81ba50fc84bf89ef18b1e60467f8b,2025-06-08,John Castro,-150.7,Along many leg five.,system,2025-06-08 17:17:13.668220,system,2025-06-08 17:17:13.668220
d99a79480f4d4f7e92fe1f95a9e1c2da,806f068e458746b890f3f8b6111afcf9,fc5ac013d7fa4a1aa2c105a91c09c7da,2025-06-08,Christina Garcia,-180.66,Sign adult there edge.,system,2025-06-08 17:17:13.668220,system,2025-06-08 17:17:13.668220
a349ac78a0ea485cb8e0d3b5830029a2,af0e694819f24c7e889e90784f0a4523,ae68d206937b41b195701a98597b61f3,2025-06-08,Leslie Henry,-159.95,Cold toward reach right maybe society professional.,system,2025-06-08 17:17:13.668220,system,2025-06-08 17:17:13.668220
5c30f8da1d314f1493dbe995776cc2fa,e524c8f469894349bff0ade0c49dbc61,f705315ef39b4f1aa2837cd26bf3409c,2025-06-08,Elizabeth Hunter,-458.26,Star machine these beyond important inside.,system,2025-06-08 17:17:13.668220,system,2025-06-08 17:17:13.668220
e54c4669dd5942bfa4921aaceb54930d,3f710967739e409287a8a911f2633fcb,d13dd7940a1940d289efd256e6052eed,2025-06-08,James Meyer,212.87,Give wish week win draw clearly into.,system,2025-06-08 17:17:13.668220,system,2025-06-08 17:17:13.668220
539643143ebe4d319f6ba96a5fe9c228,8e76c4ed672c43549122b0fc463f4d16,dad96fd0cbd54c8d9d8ae11688b62323,2025-06-08,Evelyn Cruz,-0.69,Executive near simply federal.,system,2025-06-08 17:17:13.685466,system,2025-06-08 17:17:13.685466
2eb5b0a586584e0fb3bdb3184ad2ce2b,1961fa1af90b45179431180e6a603359,d519d58f216a4f19b583b8f41b23e6ca,2025-06-08,Mr. Matthew Sutton,-216.6,Section run benefit agent.,system,2025-06-08 17:17:13.686562,system,2025-06-08 17:17:13.686562
3decb60cea5e47579e2403453cfa70f7,2c8df6c6bd624792bb8b739691706a39,cd029afc492242878605fc064b42a825,2025-06-08,Sara Romero,213.88,Tax forward tell person matter describe old.,system,2025-06-08 17:17:13.686562,system,2025-06-08 17:17:13.686562
9e81013d11d14ebe8493ef66d983ce30,2ca372fc66744ac8bf9bfbaca6d2c5c8,9057c4a71abc47749fa6bf778dc40365,2025-06-08,Christine Taylor,-97.58,Debate reach real couple soon.,system,2025-06-08 17:17:13.686562,system,2025-06-08 17:17:13.686562
80f50621dd284d819605d7f22cb1bd6d,07c11146bce242129e7503b2df8bfe05,1427632cde9c4fb893c2764c0ecc6eb3,2025-06-08,Mitchell King,-377.34,Trade send impact certain people first forget.,system,2025-06-08 17:17:13.686562,system,2025-06-08 17:17:13.686562
576f82c1241d4eb681ecb6ab264dca85,3459a2c5ba61472b8174d083c1c6a68d,a503455089c54ca3b9437aac3d95884b,2025-06-08,Sean Anderson,-474.6,Recognize deal serve story blood.,system,2025-06-08 17:17:13.686562,system,2025-06-08 17:17:13.686562
7cf14008e3cf4a7d87404af049e15187,8615ad74654e43b09a6ecf32c11a3017,fa905e7bc56c4f68a3cafd85fb93a16a,2025-06-08,Hannah Gray,108.48,Part computer choose size order year raise actually.,system,2025-06-08 17:17:13.686562,system,2025-06-08 17:17:13.686562
