id,property_id,unit_number,floor_number,sq_ft,occupancy_status,last_renovated,last_occupied,last_vacated,created_at,modified_at
f0b87c2bef814a089fd006c79b8dde6f,b28b91e8e77c44948f9cb83988dff789,02001,2,6286,Occupied,2013-09-25,,2023-07-13,2017-05-20,2021-02-21
945f62dc1c824e22bf70f8735f0d2270,b28b91e8e77c44948f9cb83988dff789,01002,1,6286,Occupied,2014-09-18,,2022-05-09,2018-11-14,2020-02-11
aec37476fba545989212a17969ee0b32,b28b91e8e77c44948f9cb83988dff789,04003,4,6286,Occupied,2002-11-15,,2021-05-16,2023-07-05,2025-01-28
3f51caf815b84bac9ebd8bdf9b9dbb71,b28b91e8e77c44948f9cb83988dff789,02004,2,6286,Occupied,2012-03-17,,2025-01-01,2021-04-26,2023-05-18
624472d6a94e4250aeeab3e7d077930d,b28b91e8e77c44948f9cb83988dff789,04005,4,6286,Occupied,2016-07-24,,2021-07-12,2019-05-20,2019-12-06
c4ede919f1ef4dbcb988ea4550e61c9f,b28b91e8e77c44948f9cb83988dff789,03006,3,6286,Occupied,2003-06-12,,2025-04-12,2022-08-09,2025-05-18
31fdc08a2ea44a3687cf8a3dc6da1832,b28b91e8e77c44948f9cb83988dff789,04007,4,6286,Occupied,2000-10-17,,2023-04-09,2021-12-28,2023-10-12
05e8d7e6cb274856a61c57724e6c5819,b28b91e8e77c44948f9cb83988dff789,04008,4,6286,Occupied,1989-07-31,,2024-05-26,2018-11-03,2023-08-14
ec3bcdd3871f4a058531265ee3157234,b28b91e8e77c44948f9cb83988dff789,04009,4,6286,Occupied,1993-09-11,,2022-02-03,2020-10-05,2025-07-05
1dd2a85ad1cf4254b5c824d8fac84f73,b28b91e8e77c44948f9cb83988dff789,02010,2,6286,Occupied,2013-05-16,,2021-05-26,2019-10-11,2023-08-12
e37d39219be94589af84c58df228726c,b28b91e8e77c44948f9cb83988dff789,04011,4,6286,Occupied,2000-09-13,,2023-11-29,2017-08-06,2025-05-28
5d814ae6e3d84c8b9dc3ba28afa743ba,b28b91e8e77c44948f9cb83988dff789,04012,4,6286,Occupied,2012-06-22,,2020-11-26,2023-08-03,2023-08-05
577cb3921eef4c7ba4fdbc2a817a2dc3,b28b91e8e77c44948f9cb83988dff789,03013,3,6286,Occupied,2000-03-19,,2024-02-16,2015-09-11,2021-01-27
68c92a690de64867b7a6f3babc39430b,b28b91e8e77c44948f9cb83988dff789,02014,2,6286,Occupied,2018-03-11,,2022-11-23,2023-11-16,2024-03-04
cb6e0f8359e84e3fb7c232718ad75170,b28b91e8e77c44948f9cb83988dff789,03015,3,6286,Occupied,2012-12-14,,2024-03-08,2015-08-11,2017-08-30
19460ca7346b4317b4d44124f979c95b,b28b91e8e77c44948f9cb83988dff789,04016,4,6286,Occupied,2020-06-22,,2023-08-23,2023-12-31,2025-02-13
080cf93bcc8243609fb927eb21108a2f,b28b91e8e77c44948f9cb83988dff789,02017,2,6286,Occupied,2023-06-17,,2023-05-30,2019-12-08,2023-07-23
0dc31bddd49c4255906d18d380009fce,b28b91e8e77c44948f9cb83988dff789,03018,3,6286,Occupied,2005-04-04,,2021-05-10,2023-05-03,2023-07-01
ab5e80052c584b369152aab5f590a163,b28b91e8e77c44948f9cb83988dff789,04019,4,6286,Occupied,2000-09-16,,2025-01-18,2022-09-25,2023-03-21
d79ab3f78ebe443fa602de4df56ab23a,b28b91e8e77c44948f9cb83988dff789,01020,1,6286,Occupied,1992-12-03,,2024-01-27,2016-02-16,2024-03-17
77bf42f747b549e1abfc3251206d0e9d,8eaf97fd607b4d379f6c9d3d558277db,14001,14,8975,Vacant,1992-10-25,2022-06-16,,2021-02-17,2024-06-03
97e11387bdbb4a998999e5c79639aeb6,8eaf97fd607b4d379f6c9d3d558277db,13002,13,8975,Occupied,2013-09-29,,2024-12-25,2019-09-10,2024-06-30
85bd25ad58914033b11e33a7f3ada12b,8eaf97fd607b4d379f6c9d3d558277db,19003,19,8975,Occupied,1997-12-14,,2023-02-10,2017-07-03,2019-03-13
2fddecb961d44c0095022117f53c59e2,8eaf97fd607b4d379f6c9d3d558277db,01004,1,8975,Vacant,2013-06-23,2022-08-26,,2019-08-08,2021-07-31
1994e19f6ce14c8292ce5402067ddee3,8eaf97fd607b4d379f6c9d3d558277db,19005,19,8975,Occupied,1975-03-06,,2022-03-25,2018-12-28,2020-10-17
002dbaa0fb28456e957efafdcaafdaff,8eaf97fd607b4d379f6c9d3d558277db,13006,13,8975,Occupied,1989-04-05,,2022-09-28,2017-06-07,2017-11-01
8e8a16b6dd2042dd9049c345176bb848,8eaf97fd607b4d379f6c9d3d558277db,16007,16,8975,Occupied,2015-11-13,,2024-10-24,2021-12-31,2023-01-16
29aa34f6f40940ec8d7b22b73c0efd49,8eaf97fd607b4d379f6c9d3d558277db,01008,1,8975,Occupied,2012-08-20,,2021-01-09,2018-08-29,2022-03-24
2d1b3dcd229d474aaf715bc784e61953,8eaf97fd607b4d379f6c9d3d558277db,12009,12,8975,Occupied,2009-07-26,,2024-03-25,2019-12-14,2022-02-13
5a0352068ab84384872bb341e3073ff3,8eaf97fd607b4d379f6c9d3d558277db,10010,10,8975,Occupied,1984-07-17,,2024-03-28,2016-03-03,2020-05-09
85cd6993a3774c37a422637d6a7bb541,8eaf97fd607b4d379f6c9d3d558277db,13011,13,8975,Occupied,1975-10-01,,2022-08-15,2024-02-20,2025-02-17
613e732e0e49491c98cbb2b52fb3b676,8eaf97fd607b4d379f6c9d3d558277db,14012,14,8975,Vacant,2009-09-02,2022-06-19,,2023-07-19,2024-08-16
af71c2e1e63441f78c3bd9e64b2429f6,8eaf97fd607b4d379f6c9d3d558277db,18013,18,8975,Occupied,2024-03-21,,2022-08-06,2019-03-30,2024-11-15
fb715f2c8a8747e0a08caa885f4aee73,8eaf97fd607b4d379f6c9d3d558277db,18014,18,8975,Occupied,2013-06-22,,2022-10-05,2016-12-28,2022-07-05
8c1997bae0d748ed8e31a2c074ef8f4e,8eaf97fd607b4d379f6c9d3d558277db,20015,20,8975,Occupied,1991-06-17,,2022-07-16,2022-06-03,2022-10-09
15c1a354d93643529704bb7524ef0099,8eaf97fd607b4d379f6c9d3d558277db,08016,8,8975,Occupied,2016-12-13,,2021-12-01,2017-09-13,2019-10-06
d7fefb0e4e2d41158e92f00a8f03cc19,8eaf97fd607b4d379f6c9d3d558277db,16017,16,8975,Vacant,1970-05-07,2022-01-26,,2021-03-11,2024-11-29
995a725ea5104f7ea6d09e4650107791,8eaf97fd607b4d379f6c9d3d558277db,08018,8,8975,Occupied,1998-06-03,,2023-08-19,2022-01-02,2022-11-19
ede92dc7328046a081f3b0e890f5d91b,8eaf97fd607b4d379f6c9d3d558277db,09019,9,8975,Occupied,1974-07-13,,2023-11-03,2021-01-29,2024-02-02
f85c81367c784c8999784a462a44b29f,8eaf97fd607b4d379f6c9d3d558277db,14020,14,8975,Vacant,1989-10-22,2023-12-24,,2021-05-06,2025-07-23
a6a03f1f80164b32b0d01ab90395bebd,8eaf97fd607b4d379f6c9d3d558277db,16021,16,8975,Occupied,1998-04-16,,2023-03-21,2016-12-12,2018-04-17
aba07bb2edae4fb0adf47c40d99edfb2,8eaf97fd607b4d379f6c9d3d558277db,01022,1,8975,Occupied,2013-01-24,,2023-10-30,2023-06-11,2024-10-23
269ab7401f4a4853a5db6407d493fe84,8eaf97fd607b4d379f6c9d3d558277db,13023,13,8975,Occupied,2019-01-18,,2023-12-29,2020-07-16,2023-11-13
75174f09da4c4895a2722fd8e9fcbec6,8eaf97fd607b4d379f6c9d3d558277db,11024,11,8975,Occupied,2022-10-05,,2021-11-13,2024-04-15,2025-02-08
c82c90b9981441a38b1bfa204668723e,8eaf97fd607b4d379f6c9d3d558277db,22025,22,8975,Vacant,1978-03-12,2023-05-12,,2018-02-07,2018-04-14
516773c028d448bc80e7b0a1236c29e2,8eaf97fd607b4d379f6c9d3d558277db,22026,22,8975,Occupied,2011-04-12,,2024-07-30,2017-07-07,2018-09-17
9ca59f98c28b436aacbf39f66c691ad4,8eaf97fd607b4d379f6c9d3d558277db,13027,13,8975,Occupied,1989-09-16,,2021-05-29,2020-12-08,2023-06-01
197b49ba841f458b90638f617c1c933e,8eaf97fd607b4d379f6c9d3d558277db,06028,6,8975,Vacant,1975-12-13,2021-05-17,,2018-06-15,2019-04-10
589099c2a8cd483fa1ca7660bb215332,8eaf97fd607b4d379f6c9d3d558277db,15029,15,8975,Occupied,1974-01-29,,2022-07-15,2021-09-22,2023-01-09
2a2db867e0d74d9fb8f4db353d764ef1,8eaf97fd607b4d379f6c9d3d558277db,05030,5,8975,Vacant,1992-04-02,2025-01-05,,2022-07-21,2024-01-07
e300c4b9a59f4c069fb11088244fa843,8eaf97fd607b4d379f6c9d3d558277db,20031,20,8975,Vacant,1983-04-01,2021-05-15,,2020-08-21,2024-07-28
ae808bb9d2204b5190b005585f892668,8eaf97fd607b4d379f6c9d3d558277db,18032,18,8975,Vacant,2010-10-09,2025-05-23,,2021-06-22,2021-07-08
fe6d8d2b5c9845ff848b00cdd37bbdb3,8eaf97fd607b4d379f6c9d3d558277db,01033,1,8975,Vacant,1986-05-31,2021-04-13,,2019-01-14,2020-08-20
300946212e1b4eabbdac672e73ce952b,8eaf97fd607b4d379f6c9d3d558277db,13034,13,8975,Vacant,1979-10-20,2022-03-23,,2022-05-27,2023-06-11
16a9a890b9d946e8945dd49d99e3056a,8eaf97fd607b4d379f6c9d3d558277db,19035,19,8975,Occupied,1984-03-12,,2024-06-02,2017-10-04,2022-08-22
90a566b0eae44725b429c0c930bd41d5,8eaf97fd607b4d379f6c9d3d558277db,19036,19,8975,Vacant,1988-02-15,2021-11-08,,2023-04-18,2023-10-16
95d4e98bef714789b503d9369d846ff7,8eaf97fd607b4d379f6c9d3d558277db,22037,22,8975,Vacant,2005-05-22,2021-11-19,,2022-07-28,2024-08-26
4c536be2fec34a53817b911d9fd29e98,8eaf97fd607b4d379f6c9d3d558277db,01038,1,8975,Occupied,2017-09-11,,2021-12-08,2018-05-13,2023-01-06
cd14187e08294904993017335dcd0437,8eaf97fd607b4d379f6c9d3d558277db,03039,3,8975,Vacant,2010-05-26,2024-09-01,,2018-08-15,2024-04-11
3de65a1d3c8e4b23b0135897dbe49186,8eaf97fd607b4d379f6c9d3d558277db,21040,21,8975,Vacant,1971-06-06,2024-06-02,,2022-06-22,2022-12-20
fd4698e398f3455994eec805a253c79c,588aa380f2f1408e8f0052cc8359db6a,19001,19,6506,Occupied,1993-12-25,,2023-09-06,2023-02-15,2024-03-30
fe0f35ca9b394573afde6e0d2c2a7188,588aa380f2f1408e8f0052cc8359db6a,01002,1,6506,Occupied,1991-02-02,,2021-05-06,2024-07-24,2025-05-22
39ad33fca5b04aa0a97921f74a0adfa6,588aa380f2f1408e8f0052cc8359db6a,10003,10,6506,Occupied,2010-09-05,,2020-08-26,2019-04-12,2020-04-04
05fdd53bbc4440d5a261c824c7d79c8a,588aa380f2f1408e8f0052cc8359db6a,19004,19,6506,Occupied,2008-06-11,,2022-11-01,2017-12-01,2021-10-14
78104953dca14e9ab5ff5ea3ee0cba2e,588aa380f2f1408e8f0052cc8359db6a,22005,22,6506,Occupied,2000-01-16,,2025-03-08,2023-09-23,2023-12-17
8ff8b8216b7449bf90cf3abe84537159,588aa380f2f1408e8f0052cc8359db6a,13006,13,6506,Occupied,1994-03-28,,2022-09-01,2015-10-07,2018-07-24
23be6b33e9f54f1c9a91c1b70646b1bc,588aa380f2f1408e8f0052cc8359db6a,13007,13,6506,Occupied,2018-12-28,,2023-11-12,2024-05-28,2024-11-09
26e08d00d4ca43d1940845ba4ef8a83e,588aa380f2f1408e8f0052cc8359db6a,23008,23,6506,Occupied,2004-11-22,,2022-10-31,2019-04-27,2024-08-11
2331f9243d03469d9bc66b3c39a50e96,588aa380f2f1408e8f0052cc8359db6a,07009,7,6506,Occupied,2014-05-10,,2022-12-29,2021-02-28,2021-06-01
08d3487cd1814170a25df009058e5f0c,588aa380f2f1408e8f0052cc8359db6a,03010,3,6506,Occupied,2014-02-02,,2025-06-26,2020-09-15,2022-09-15
13a376dd58ea4b4fa3b91dfc9534a3ff,588aa380f2f1408e8f0052cc8359db6a,19011,19,6506,Occupied,2000-08-21,,2025-05-25,2022-09-16,2023-11-24
ffd96313cfe647cd89a63478b0f4afec,588aa380f2f1408e8f0052cc8359db6a,23012,23,6506,Occupied,1996-01-09,,2021-07-09,2020-04-18,2025-01-07
56ea9b34672549ffb80e0f9b8809ab91,588aa380f2f1408e8f0052cc8359db6a,21013,21,6506,Occupied,2007-02-06,,2021-10-03,2023-12-28,2024-01-24
adbf1a5a95744cc99a5d1aaddd528671,588aa380f2f1408e8f0052cc8359db6a,08014,8,6506,Occupied,2019-04-21,,2023-05-11,2023-09-08,2025-05-18
9d94e92fa449474fa038c1133a193603,588aa380f2f1408e8f0052cc8359db6a,04015,4,6506,Occupied,2024-07-02,,2024-12-31,2021-12-03,2022-06-28
54963148e4a34860bdd820c2b480324b,588aa380f2f1408e8f0052cc8359db6a,23016,23,6506,Occupied,2022-04-05,,2024-07-10,2015-08-10,2021-01-14
767bcc1dfdf14a66841d5a30466d709c,588aa380f2f1408e8f0052cc8359db6a,25017,25,6506,Occupied,2013-02-07,,2022-12-02,2023-04-24,2023-06-10
94e811a2104f41ca89897a8e72fd6429,588aa380f2f1408e8f0052cc8359db6a,10018,10,6506,Occupied,1992-02-18,,2024-10-12,2022-04-12,2025-04-05
0652b8900f81452aa7f05f482f6a053d,588aa380f2f1408e8f0052cc8359db6a,22019,22,6506,Occupied,2022-12-13,,2022-09-04,2017-01-19,2020-04-25
ed7255c68b3649538f6628be128bb725,588aa380f2f1408e8f0052cc8359db6a,20020,20,6506,Occupied,1995-07-24,,2023-08-23,2016-01-10,2022-11-10
674a7c1d66604a4abb44a5d9baed4119,588aa380f2f1408e8f0052cc8359db6a,04021,4,6506,Occupied,2012-05-13,,2021-02-20,2019-04-29,2021-07-03
9b03118b701044b1a06017a7c469cec3,588aa380f2f1408e8f0052cc8359db6a,19022,19,6506,Occupied,2001-01-26,,2023-02-13,2017-01-19,2019-04-24
6616a57d8f63411099728688202daf87,588aa380f2f1408e8f0052cc8359db6a,02023,2,6506,Occupied,2022-06-01,,2024-03-27,2020-09-19,2021-12-25
f783bb42c2ac46e897945801cb2584b8,588aa380f2f1408e8f0052cc8359db6a,12024,12,6506,Occupied,2009-05-24,,2023-07-25,2020-01-11,2021-01-29
f9fc5fe0977c4cbda4c59f4af3bbb6e3,588aa380f2f1408e8f0052cc8359db6a,18025,18,6506,Occupied,2020-10-09,,2023-04-09,2019-04-17,2021-10-16
6225d163d2a6449f932b17974a25390c,588aa380f2f1408e8f0052cc8359db6a,14026,14,6506,Occupied,2006-11-19,,2022-08-09,2019-10-12,2025-05-27
e89e22045480410b904259c781a4adb7,588aa380f2f1408e8f0052cc8359db6a,22027,22,6506,Occupied,2013-07-25,,2021-11-03,2024-02-14,2025-01-07
e7274de5c37e427c9a118c57884c9ada,588aa380f2f1408e8f0052cc8359db6a,12028,12,6506,Occupied,2019-09-24,,2021-07-26,2017-01-26,2017-10-25
c898efdb83724ac98a04a5aa99fb2dfd,588aa380f2f1408e8f0052cc8359db6a,03029,3,6506,Occupied,2018-06-20,,2022-07-22,2018-10-29,2023-04-12
e2e8728a31a84ea085dee93e9e912a23,588aa380f2f1408e8f0052cc8359db6a,17030,17,6506,Occupied,2018-11-03,,2021-06-08,2019-06-20,2024-02-03
129d74ef0ea44c729667cc429976a33f,588aa380f2f1408e8f0052cc8359db6a,21031,21,6506,Occupied,2017-07-31,,2024-10-05,2020-08-09,2024-05-16
46b2f9ca9e90429b9646ba5a319c9e1d,588aa380f2f1408e8f0052cc8359db6a,11032,11,6506,Occupied,2017-01-14,,2024-07-30,2023-05-24,2023-09-12
fb69997bb66c46fc93fbade1e9e3948b,588aa380f2f1408e8f0052cc8359db6a,01033,1,6506,Occupied,2012-09-10,,2022-07-02,2024-03-21,2024-04-29
2a13b44ecff847f595480dae6788293d,588aa380f2f1408e8f0052cc8359db6a,14034,14,6506,Occupied,2008-03-03,,2025-03-10,2022-07-29,2024-07-15
5f3bdbb719784b69afffd11872eb2894,588aa380f2f1408e8f0052cc8359db6a,16035,16,6506,Occupied,2005-09-19,,2023-04-26,2017-03-20,2024-04-22
69d0a48ffd874b359c178d2b5f033a09,588aa380f2f1408e8f0052cc8359db6a,04036,4,6506,Occupied,1989-11-28,,2020-11-13,2023-08-08,2024-02-09
b29705015ac44d82aa90f1a3e04ccd57,588aa380f2f1408e8f0052cc8359db6a,14037,14,6506,Occupied,2013-09-19,,2021-12-01,2018-08-20,2021-04-04
79ad93fc61aa478f888cc292c17c681f,588aa380f2f1408e8f0052cc8359db6a,12038,12,6506,Occupied,2011-07-22,,2023-10-21,2019-02-01,2022-06-20
4055cc173eca4b15836dc2b18050e92a,588aa380f2f1408e8f0052cc8359db6a,21039,21,6506,Occupied,1989-07-25,,2021-04-13,2016-10-03,2018-09-04
ecdbf7182c2a4ef88b8bc4f15d36ac23,588aa380f2f1408e8f0052cc8359db6a,15040,15,6506,Occupied,2014-10-02,,2023-09-27,2019-06-26,2022-05-16
92c77aa8559f40a99f5d58f1ad80d8eb,588aa380f2f1408e8f0052cc8359db6a,23041,23,6506,Occupied,2004-05-01,,2022-06-19,2021-02-15,2021-08-16
8192cd9fb6634c68abe4388f83c95086,588aa380f2f1408e8f0052cc8359db6a,05042,5,6506,Occupied,2025-05-17,,2023-09-25,2016-10-18,2021-09-03
27d9db7feedb45e7a84a74616ff0768f,588aa380f2f1408e8f0052cc8359db6a,14043,14,6506,Occupied,2020-12-29,,2023-06-02,2020-07-03,2024-09-10
3e72d1468aea422e8d75273d079f8c31,588aa380f2f1408e8f0052cc8359db6a,06044,6,6506,Occupied,2016-08-02,,2022-02-15,2020-06-08,2025-07-02
5a20d2cf78144baa9829669ff3d6860a,588aa380f2f1408e8f0052cc8359db6a,24045,24,6506,Occupied,1997-09-24,,2021-10-05,2018-08-05,2024-11-21
cb99290f5f0d4725b2200f0c0aec5507,588aa380f2f1408e8f0052cc8359db6a,17046,17,6506,Occupied,2024-05-01,,2023-11-27,2018-08-04,2024-06-20
69af1f31161e48deae509fd4183b864c,588aa380f2f1408e8f0052cc8359db6a,21047,21,6506,Occupied,2022-11-28,,2022-01-16,2016-06-26,2018-06-13
698c9bd66dc84b6dac53da1ae1f3b49f,588aa380f2f1408e8f0052cc8359db6a,09048,9,6506,Occupied,1996-02-26,,2025-04-26,2016-09-15,2018-06-30
23ab0e32b84646d9b4c15d1bed947327,588aa380f2f1408e8f0052cc8359db6a,20049,20,6506,Occupied,2019-08-12,,2023-07-29,2019-09-16,2024-11-29
09dcf01ffea842d68365a4aa54c4d0b9,588aa380f2f1408e8f0052cc8359db6a,18050,18,6506,Occupied,2000-04-12,,2023-11-28,2024-05-29,2024-06-25
9bd4bace0d9d48f5b7a650aa6ec6fb82,9be34126e73342c5b4209694d084b614,03001,3,4166,Occupied,2018-10-08,,2025-03-28,2021-03-19,2021-10-08
4038ccc6937a4c78993b4cf45bc51000,9be34126e73342c5b4209694d084b614,03002,3,4166,Occupied,2007-03-04,,2021-06-29,2020-03-29,2020-09-25
a044f4907b22490bac09ea6a81266a09,9be34126e73342c5b4209694d084b614,03003,3,4166,Occupied,1999-07-16,,2021-02-10,2015-08-07,2017-10-25
a9c44ecebc414e1cbf2bce339968c036,9be34126e73342c5b4209694d084b614,02004,2,4166,Occupied,1998-12-12,,2023-11-10,2015-09-11,2017-08-27
48d47d71b3cc4c76a68fbba4389e6a1d,9be34126e73342c5b4209694d084b614,02005,2,4166,Occupied,2011-06-11,,2022-12-23,2017-07-27,2021-07-27
a9c3c3b3ee9544589fcdfb43833c7570,9be34126e73342c5b4209694d084b614,01006,1,4166,Occupied,2021-02-03,,2021-03-06,2021-09-29,2025-03-09
02a1cdfc0bc54503bf6c3ec442243f9c,9be34126e73342c5b4209694d084b614,02007,2,4166,Occupied,2014-11-30,,2023-07-21,2018-02-10,2023-10-22
ab5c87fc0ed94b918d796a01b5c0d649,9be34126e73342c5b4209694d084b614,02008,2,4166,Occupied,1987-11-25,,2021-12-16,2020-09-21,2021-03-23
f06e47515dc843e586a53d75789a3f52,9be34126e73342c5b4209694d084b614,01009,1,4166,Occupied,2005-10-16,,2020-09-04,2019-09-16,2022-10-18
f2653006a99543d5844f6292bae7ec54,9be34126e73342c5b4209694d084b614,02010,2,4166,Occupied,1992-01-24,,2024-03-23,2016-08-02,2021-09-19
30d537bc3af444a88659b8188c9b35ac,9be34126e73342c5b4209694d084b614,01011,1,4166,Occupied,1988-11-08,,2023-08-06,2016-07-25,2024-10-28
e3aa80bc1e614c6dbdf0743f3552d176,9be34126e73342c5b4209694d084b614,02012,2,4166,Occupied,1989-09-06,,2024-10-21,2016-04-24,2019-01-19
b7d142342a8f40599ff9cd1d58ee91ec,978f43530e9a49f59d18f0b3e80d9d3e,01001,1,5866,Occupied,1999-05-01,,2023-10-28,2016-12-03,2018-11-12
c6ccb7ffe65c444aa21377bb0cf745ac,978f43530e9a49f59d18f0b3e80d9d3e,03002,3,5866,Occupied,2020-06-21,,2020-09-28,2020-10-02,2022-10-22
a9c397728b7f4ba895ba9d2eeae4031e,978f43530e9a49f59d18f0b3e80d9d3e,02003,2,5866,Vacant,2024-03-02,2021-05-09,,2022-05-11,2024-03-06
1896294ed95e44ecad2165921cf9da2b,978f43530e9a49f59d18f0b3e80d9d3e,04004,4,5866,Occupied,1994-10-18,,2025-02-17,2020-09-12,2023-01-06
182dfd80dab047ffbba908d17d1cda9e,978f43530e9a49f59d18f0b3e80d9d3e,02005,2,5866,Occupied,1993-05-30,,2025-04-12,2023-01-20,2024-08-24
09dc75bbb9d549feb94cb98baa724acf,978f43530e9a49f59d18f0b3e80d9d3e,03006,3,5866,Occupied,2018-07-15,,2024-08-02,2021-12-19,2022-09-04
b52fda63a3df446986876dccac247226,978f43530e9a49f59d18f0b3e80d9d3e,05007,5,5866,Occupied,2012-01-15,,2021-09-12,2019-07-08,2021-05-20
d5f7b6b32e51403c93529220dc5ad223,978f43530e9a49f59d18f0b3e80d9d3e,03008,3,5866,Occupied,2008-12-04,,2024-06-01,2021-01-18,2023-04-09
9f94185b5c4a4f1ab983836d9a93a8f4,978f43530e9a49f59d18f0b3e80d9d3e,04009,4,5866,Occupied,2012-04-24,,2020-10-06,2018-01-30,2018-10-21
2b287636737e488cb2130169a338a904,978f43530e9a49f59d18f0b3e80d9d3e,05010,5,5866,Occupied,2021-03-12,,2022-04-19,2017-03-29,2019-07-19
b55b1b11524b482baed50231e7c9336f,978f43530e9a49f59d18f0b3e80d9d3e,05011,5,5866,Occupied,1997-05-11,,2022-03-19,2018-04-15,2023-07-27
8b695ddb0abf4eb0ab4fd09d0c35e201,978f43530e9a49f59d18f0b3e80d9d3e,03012,3,5866,Occupied,1996-06-21,,2023-10-11,2020-10-11,2021-06-04
77828c5031084787a107a76f38456176,978f43530e9a49f59d18f0b3e80d9d3e,04013,4,5866,Vacant,1995-03-30,2021-06-01,,2017-08-23,2019-10-01
a2d630c73b7245708d3640fb41db9f53,978f43530e9a49f59d18f0b3e80d9d3e,05014,5,5866,Occupied,2003-03-31,,2021-12-22,2020-08-28,2022-11-12
c3ac98338e3a4674a9800f11dfbd44d1,978f43530e9a49f59d18f0b3e80d9d3e,03015,3,5866,Occupied,2016-12-26,,2025-01-23,2022-08-06,2023-03-07
33c6cbdbb0f144aa8979724de40ce99d,978f43530e9a49f59d18f0b3e80d9d3e,03016,3,5866,Occupied,1993-09-19,,2024-05-04,2021-10-05,2024-03-25
1a0c82684b0046f8a3343e794a8d533f,978f43530e9a49f59d18f0b3e80d9d3e,04017,4,5866,Occupied,2008-09-03,,2025-04-17,2020-12-22,2024-10-10
b916839ea4cd466d9e59968b79bea5d9,978f43530e9a49f59d18f0b3e80d9d3e,03018,3,5866,Occupied,2022-10-31,,2023-07-04,2017-09-05,2024-11-09
2dcb694f52a54fd6bf4d909f272846ae,978f43530e9a49f59d18f0b3e80d9d3e,03019,3,5866,Occupied,2001-05-27,,2023-04-16,2019-06-06,2024-12-24
983b556d5bdb474f9e4c6474af0ecdcf,978f43530e9a49f59d18f0b3e80d9d3e,03020,3,5866,Occupied,1992-04-21,,2024-11-10,2023-09-09,2025-08-03
3ada6852323e4c92abf23b473ecc7a63,48ea270c23004adab1faf52df9e8db90,05001,5,4052,Vacant,2019-01-17,2021-10-08,,2023-01-13,2024-10-29
73b4e21aff544c06af6f562f0ef038e8,48ea270c23004adab1faf52df9e8db90,05002,5,4052,Vacant,1983-09-26,2022-05-26,,2017-05-11,2018-07-29
4b7bd6d452c0492883fa047ceb7f2fae,48ea270c23004adab1faf52df9e8db90,03003,3,4052,Occupied,2022-03-28,,2024-11-08,2024-05-23,2024-12-08
7f9ba73a9bfe4b3eb5b33f6e30d897b0,48ea270c23004adab1faf52df9e8db90,01004,1,4052,Occupied,2005-04-03,,2025-01-24,2023-06-09,2024-03-02
04c4df90d8e04864a7c1a91a7a899465,48ea270c23004adab1faf52df9e8db90,02005,2,4052,Occupied,2001-04-21,,2023-09-02,2018-12-10,2022-12-03
fb2cf73b338d4ea6b9b67586f207f89b,48ea270c23004adab1faf52df9e8db90,03006,3,4052,Occupied,2024-01-21,,2023-07-11,2016-11-24,2022-11-17
5eb109fb87de4d0fbb49078841a6face,48ea270c23004adab1faf52df9e8db90,02007,2,4052,Occupied,2020-10-19,,2022-12-11,2017-01-03,2024-11-22
299dfa7caa614ce28c3e1d8aaf6aa656,48ea270c23004adab1faf52df9e8db90,03008,3,4052,Occupied,2008-07-07,,2024-09-06,2017-06-30,2017-09-09
ffaddb9d632949e98530a63b57a2da22,48ea270c23004adab1faf52df9e8db90,02009,2,4052,Occupied,2016-07-30,,2021-07-22,2020-05-24,2022-04-03
ad21059a775944f098f22c456f9bc93a,48ea270c23004adab1faf52df9e8db90,03010,3,4052,Occupied,1995-06-20,,2023-09-09,2020-06-05,2021-10-17
f41eb67f3bef42dea735c2727fc50412,48ea270c23004adab1faf52df9e8db90,01011,1,4052,Occupied,2019-07-21,,2025-05-09,2021-11-13,2022-10-06
87700690f7cf4861a1edca5a92266ad1,48ea270c23004adab1faf52df9e8db90,05012,5,4052,Occupied,1982-07-28,,2024-01-25,2022-09-11,2022-10-28
c4b58830d8474d74bcb06dc4a05bec75,48ea270c23004adab1faf52df9e8db90,02013,2,4052,Occupied,2023-10-08,,2023-06-06,2017-01-25,2024-01-16
a1ef4096555b42b49a24848bb396d770,48ea270c23004adab1faf52df9e8db90,03014,3,4052,Vacant,1992-09-04,2022-05-12,,2024-03-18,2025-01-17
561ab9ea9f2744399b90aa6d73c69a3e,48ea270c23004adab1faf52df9e8db90,01015,1,4052,Occupied,1999-11-01,,2023-02-23,2017-01-21,2021-03-23
47ac40029b9240259ae7e6dbfcfb53f2,48ea270c23004adab1faf52df9e8db90,01016,1,4052,Occupied,2009-01-22,,2024-05-14,2019-02-19,2021-12-12
ea924e54d0c14de4a18a73e817cee0f6,48ea270c23004adab1faf52df9e8db90,05017,5,4052,Occupied,2023-09-30,,2021-07-11,2018-06-28,2022-10-13
de10059221ab4e6d87e1e7180b329aaf,48ea270c23004adab1faf52df9e8db90,03018,3,4052,Vacant,2016-05-13,2022-12-24,,2019-02-19,2021-09-08
c406c85164db48e78ab937d7831ee8c1,48ea270c23004adab1faf52df9e8db90,02019,2,4052,Occupied,1981-03-01,,2024-11-06,2020-12-28,2020-12-29
3f359e159b6e4ff694abba169885a8ab,48ea270c23004adab1faf52df9e8db90,04020,4,4052,Occupied,1981-06-02,,2021-11-06,2017-01-23,2018-03-13
0d7d6ea0b2a64528848b872480c300b2,c88dd3666f3d417f9c6e7299b4359c4a,01001,1,5250,Occupied,2000-08-28,,2024-02-11,2016-08-14,2025-01-15
9377d52f61dc4fc78a7d0884ec2bd18a,c88dd3666f3d417f9c6e7299b4359c4a,01002,1,5250,Occupied,1997-08-01,,2024-10-17,2016-01-27,2024-10-11
48e66179a6ac47d5a5a104391ecc83ad,c88dd3666f3d417f9c6e7299b4359c4a,02003,2,5250,Occupied,2000-04-26,,2022-09-21,2018-02-25,2021-09-13
10e59a7f06a941bfbbe6709595041c85,c88dd3666f3d417f9c6e7299b4359c4a,02004,2,5250,Occupied,2008-09-11,,2024-05-08,2018-07-17,2019-09-26
90f793608ffe4cc1a121f95425c2dbfb,c88dd3666f3d417f9c6e7299b4359c4a,01005,1,5250,Occupied,2024-02-24,,2022-10-07,2022-10-14,2025-01-21
24be3f41146a4178bf4dea0313c96a8c,c88dd3666f3d417f9c6e7299b4359c4a,03006,3,5250,Occupied,2013-07-25,,2020-10-15,2021-05-31,2022-03-31
31671d25656b494c894e7295b3175ece,c88dd3666f3d417f9c6e7299b4359c4a,03007,3,5250,Occupied,2017-08-25,,2022-11-16,2020-08-20,2023-03-25
2f4fc06c4f114882b1c96b2c74cbc15a,c88dd3666f3d417f9c6e7299b4359c4a,03008,3,5250,Occupied,2015-10-30,,2022-08-11,2020-09-08,2022-08-15
853b5bc12ac94f7d9e4072a0254da76e,c88dd3666f3d417f9c6e7299b4359c4a,01009,1,5250,Occupied,2014-07-15,,2021-10-02,2024-07-31,2024-08-16
0d73e70a2fbe4a9aa7eff4020ba32d18,c88dd3666f3d417f9c6e7299b4359c4a,01010,1,5250,Occupied,2007-06-11,,2022-05-03,2017-07-12,2018-10-17
1117e3e4ab9c4dac80ce4c50decd20cd,c88dd3666f3d417f9c6e7299b4359c4a,01011,1,5250,Occupied,2013-06-09,,2022-08-15,2019-03-24,2023-09-07
7045081711be4907bb3d526aa92ed31a,c88dd3666f3d417f9c6e7299b4359c4a,03012,3,5250,Occupied,2007-11-02,,2021-08-18,2017-04-09,2021-08-24
524d8c7e444840c18d2c2c230d0e6001,bfdf52f322614929a559831754a6a0bd,02001,2,8333,Occupied,1987-06-23,,2023-08-05,2020-12-17,2023-04-30
e81eeb7c8a4242cf85b07a6cf6712b6f,bfdf52f322614929a559831754a6a0bd,02002,2,8333,Occupied,2011-07-04,,2024-02-15,2023-05-13,2024-07-25
2545a669ad7c47e2a86a9a5d481b4f6b,bfdf52f322614929a559831754a6a0bd,02003,2,8333,Occupied,2014-09-20,,2021-11-19,2020-05-22,2021-09-17
65ff8f40e63e40d4adb0970bb80f68a2,bfdf52f322614929a559831754a6a0bd,02004,2,8333,Occupied,2004-02-27,,2024-01-18,2024-05-19,2024-11-07
8f313060eafa423f975a109a09efbc59,bfdf52f322614929a559831754a6a0bd,02005,2,8333,Occupied,2015-07-02,,2023-01-01,2016-06-28,2017-10-12
8bcd39fef3114cdda3842b0baac0987b,bfdf52f322614929a559831754a6a0bd,02006,2,8333,Occupied,2012-02-15,,2020-08-29,2016-02-25,2017-08-31
a58266c191c6485b80c842b144690120,bd0295e0999648f3a7771bcbfd5b3647,01001,1,4800,Occupied,2017-03-17,,2021-04-18,2024-04-09,2025-01-03
547acc9152ec47e5bfdaa10fdf486157,bd0295e0999648f3a7771bcbfd5b3647,01002,1,4800,Occupied,2012-07-06,,2021-03-20,2018-10-29,2020-10-03
b8f3fd10928b4774a3c2bb0bbd19701b,bd0295e0999648f3a7771bcbfd5b3647,01003,1,4800,Occupied,1994-09-12,,2021-02-03,2020-07-01,2022-02-02
9a6fe0c602024f95a7628e9eb9f3dae0,bd0295e0999648f3a7771bcbfd5b3647,01004,1,4800,Occupied,2003-09-05,,2020-10-06,2021-03-18,2024-07-17
c59b78be8dba4355a3a3d3837a1e7305,bd0295e0999648f3a7771bcbfd5b3647,03005,3,4800,Vacant,1994-07-02,2021-12-31,,2019-01-15,2022-09-20
ae9603cf63e94a7b9cd9e9b2ded54252,bd0295e0999648f3a7771bcbfd5b3647,01006,1,4800,Occupied,1992-02-14,,2023-10-27,2018-09-13,2019-04-22
bd0107420673479d92136d366c93d86a,bd0295e0999648f3a7771bcbfd5b3647,01007,1,4800,Occupied,1995-07-31,,2022-06-01,2017-05-06,2018-05-22
50ef69d0eaf5442e86b95641fe5379c0,bd0295e0999648f3a7771bcbfd5b3647,01008,1,4800,Occupied,1993-03-13,,2021-04-10,2022-06-21,2023-04-29
26d30dd2e3a0418cab8482df3b729fd9,bd0295e0999648f3a7771bcbfd5b3647,02009,2,4800,Vacant,2006-08-23,2024-04-26,,2018-11-05,2023-02-02
ff1d3a6f761f422293d8c90b1efc2617,bd0295e0999648f3a7771bcbfd5b3647,02010,2,4800,Occupied,2004-06-09,,2023-05-06,2022-12-05,2024-04-29
58cc8ca5f58f471abaf1d44ac463a676,1343509080614ca39d4facec9750fda9,02001,2,5250,Occupied,1994-09-17,,2024-03-26,2019-08-01,2025-05-31
994c1dac5fb2491183b7d653f00cc7b2,1343509080614ca39d4facec9750fda9,02002,2,5250,Occupied,2013-08-22,,2025-06-06,2022-11-29,2023-04-20
6cb7689429db4e1691950002ca9fab2f,1343509080614ca39d4facec9750fda9,01003,1,5250,Occupied,1987-10-25,,2021-11-21,2020-08-26,2025-06-24
cc377f9b090c4ad493c438e91ea18fab,1343509080614ca39d4facec9750fda9,01004,1,5250,Vacant,1989-09-13,2024-01-09,,2016-02-23,2019-04-17
1251279c293e436689ce883fbca0b747,1343509080614ca39d4facec9750fda9,02005,2,5250,Vacant,1989-08-10,2022-04-06,,2017-02-14,2024-01-25
8b828d12da2e42ae9606065b4e371855,1343509080614ca39d4facec9750fda9,01006,1,5250,Vacant,2018-12-27,2021-12-10,,2022-10-26,2025-05-23
b4fe8c700d51481685c31e3c5e54cdae,1343509080614ca39d4facec9750fda9,02007,2,5250,Occupied,1997-04-10,,2021-05-31,2020-05-03,2021-01-04
25f88847cbe940848a7778d44e042ce5,1343509080614ca39d4facec9750fda9,01008,1,5250,Occupied,1990-03-26,,2023-03-15,2019-06-15,2023-08-15
c0d8fd38ee6f4318b808c91d56820b14,e4bfb64644b34bd393676fa553889a7c,02001,2,4166,Occupied,2011-09-14,,2023-09-06,2017-07-10,2023-01-23
85348686cad44161a4eeeebfa9ac95df,e4bfb64644b34bd393676fa553889a7c,01002,1,4166,Occupied,2003-03-26,,2024-04-26,2018-02-18,2019-07-20
94a4a6c871324fb3be8d1073329f4b87,e4bfb64644b34bd393676fa553889a7c,02003,2,4166,Occupied,2001-01-08,,2024-11-06,2023-10-28,2024-07-04
e1cada7684204d1db3e6a4a35da5b050,e4bfb64644b34bd393676fa553889a7c,03004,3,4166,Occupied,2019-10-18,,2023-11-03,2024-04-29,2025-01-29
31461408db4f4f528a6b8168a44efd67,e4bfb64644b34bd393676fa553889a7c,02005,2,4166,Occupied,2006-10-10,,2025-06-02,2023-01-19,2024-08-06
5eb8209df566490784f32969a15d5974,e4bfb64644b34bd393676fa553889a7c,03006,3,4166,Vacant,1998-10-11,2022-09-09,,2017-06-14,2023-12-04
00bbcba4105246208626dfe6392eb726,e4bfb64644b34bd393676fa553889a7c,02007,2,4166,Occupied,1997-02-21,,2021-10-26,2021-02-17,2021-08-29
436a1a935ebd40b19bc895bd16ae5212,e4bfb64644b34bd393676fa553889a7c,02008,2,4166,Occupied,1993-05-30,,2022-02-08,2018-01-19,2022-08-28
00a1aae1ed914c6a817a4340a9bd5077,e4bfb64644b34bd393676fa553889a7c,03009,3,4166,Occupied,2002-01-11,,2025-03-10,2018-09-22,2021-09-01
92076875012b4ffabc99a9f0544b11c1,e4bfb64644b34bd393676fa553889a7c,03010,3,4166,Occupied,2009-06-04,,2021-08-20,2023-04-18,2024-07-01
01fbc6e3b90e4ab1a47a56396efd9049,e4bfb64644b34bd393676fa553889a7c,02011,2,4166,Occupied,2020-07-29,,2024-02-24,2018-11-29,2022-10-23
349cde6bfa0e48039fa069eccf607eb0,e4bfb64644b34bd393676fa553889a7c,02012,2,4166,Occupied,2010-06-09,,2021-05-11,2023-06-24,2024-05-12
c109648bd4ce4f6aabccf0fee688f626,59e3bdfdc6154aa9a818470747ef5f05,08001,8,5000,Occupied,2014-06-08,,2023-02-10,2018-06-29,2024-03-11
43aa2bbcdbcd4809847474cd8f52bf60,59e3bdfdc6154aa9a818470747ef5f05,09002,9,5000,Occupied,1997-09-19,,2024-06-20,2019-07-18,2022-07-06
bfc34126033c4e71b961dac2eec6a542,59e3bdfdc6154aa9a818470747ef5f05,08003,8,5000,Occupied,1983-09-29,,2025-05-15,2019-09-23,2025-07-28
82a5b64eff084f4989f808a6d14778b2,59e3bdfdc6154aa9a818470747ef5f05,05004,5,5000,Vacant,2008-11-11,2020-09-23,,2017-02-02,2019-06-09
77f740b3ba4c40a7b8a3449ace067d48,59e3bdfdc6154aa9a818470747ef5f05,03005,3,5000,Vacant,2008-04-27,2021-06-26,,2018-10-21,2025-04-30
b31d47363fee4569990d70e9788240df,59e3bdfdc6154aa9a818470747ef5f05,10006,10,5000,Vacant,1987-09-30,2022-05-09,,2022-09-01,2024-10-30
f229916509864bedbf3a3d874f2a8810,59e3bdfdc6154aa9a818470747ef5f05,07007,7,5000,Vacant,1991-07-26,2021-08-24,,2018-10-25,2023-02-25
0ae8e48d8e5f42bdb46e5a01d67e0fc4,59e3bdfdc6154aa9a818470747ef5f05,08008,8,5000,Occupied,1991-03-29,,2021-02-04,2023-03-01,2025-07-17
3f05c48ba7b143fd8786c58987a88838,59e3bdfdc6154aa9a818470747ef5f05,02009,2,5000,Occupied,1998-04-01,,2024-04-04,2023-08-30,2025-01-06
3308c970ee3b4390908aa743904afa3d,59e3bdfdc6154aa9a818470747ef5f05,08010,8,5000,Vacant,2012-12-27,2021-02-06,,2020-03-08,2022-10-30
8d41dd205881482d95426ff1260b6e1d,59e3bdfdc6154aa9a818470747ef5f05,06011,6,5000,Occupied,1999-02-04,,2021-06-04,2019-11-11,2021-06-24
5f2f401645664f69a1183a87c9e39b12,59e3bdfdc6154aa9a818470747ef5f05,07012,7,5000,Vacant,2006-11-02,2021-01-14,,2020-01-06,2022-12-06
7f9a24eddd4343bf9b73fdf445840be8,59e3bdfdc6154aa9a818470747ef5f05,06013,6,5000,Occupied,2015-08-30,,2021-12-18,2017-08-08,2021-03-09
a230948fcf644ccab1dccd79dc4438be,59e3bdfdc6154aa9a818470747ef5f05,06014,6,5000,Occupied,2015-10-30,,2025-03-28,2018-11-19,2023-04-13
d5e465e9f411432ca706f3d70f15b0dc,59e3bdfdc6154aa9a818470747ef5f05,02015,2,5000,Occupied,1982-10-22,,2023-04-10,2019-10-28,2022-02-18
cb68b042c24c405f950ca3fe48c6bf34,59e3bdfdc6154aa9a818470747ef5f05,03016,3,5000,Vacant,2007-02-28,2022-08-20,,2019-11-16,2020-12-01
f535af0d6a5c43f7980ca76eb4bfb48f,59e3bdfdc6154aa9a818470747ef5f05,06017,6,5000,Vacant,2005-03-09,2024-04-22,,2017-01-13,2021-10-13
ed094cf9fa6f4e3e98a33b1045cc3c5e,59e3bdfdc6154aa9a818470747ef5f05,07018,7,5000,Vacant,1989-01-21,2020-11-20,,2020-11-20,2022-01-13
f9551434d8bd4e8492c432f3c2ecda8d,59e3bdfdc6154aa9a818470747ef5f05,08019,8,5000,Occupied,2011-09-27,,2022-08-01,2022-06-26,2024-04-11
7ec47b3d5e8643419aec9cf443a07f6e,59e3bdfdc6154aa9a818470747ef5f05,05020,5,5000,Occupied,2002-04-02,,2022-03-13,2023-10-18,2024-10-25
03b6032357ed48d9bf48888333c6065b,59e3bdfdc6154aa9a818470747ef5f05,07021,7,5000,Occupied,1984-07-28,,2023-12-05,2021-11-12,2024-01-03
16ba0cafdacd48baa4b15edabf4821f4,59e3bdfdc6154aa9a818470747ef5f05,09022,9,5000,Occupied,2010-06-09,,2023-10-21,2020-04-04,2020-05-25
c137ad0404ba4920938a861d4e4b98e7,59e3bdfdc6154aa9a818470747ef5f05,01023,1,5000,Occupied,1998-05-18,,2022-05-05,2016-06-24,2018-09-05
e3f4c7654305486da9b7363c313d60d1,59e3bdfdc6154aa9a818470747ef5f05,08024,8,5000,Occupied,2000-09-21,,2021-05-05,2020-08-18,2024-08-04
c9d6aeac91454c3c86263dc0921cb5f7,59e3bdfdc6154aa9a818470747ef5f05,02025,2,5000,Vacant,2010-04-27,2021-06-17,,2023-03-18,2023-04-23
319a86276fe14a33a77ee99ac29f99b9,59e3bdfdc6154aa9a818470747ef5f05,06026,6,5000,Vacant,2016-08-19,2023-11-25,,2016-05-01,2020-12-22
5988d69516a54747ac25f2b19ddfd88e,59e3bdfdc6154aa9a818470747ef5f05,05027,5,5000,Vacant,1986-02-09,2020-12-22,,2019-08-22,2021-07-24
65ff848f45184c72aa8fed306054313f,59e3bdfdc6154aa9a818470747ef5f05,06028,6,5000,Occupied,1982-02-01,,2023-09-07,2021-12-10,2023-01-16
cc53e816e8b44a20bd3600860e8d3a8f,59e3bdfdc6154aa9a818470747ef5f05,02029,2,5000,Occupied,1986-04-30,,2022-06-22,2020-08-05,2023-10-07
84e6cf9d2e5f46fdacaed2a00379b590,59e3bdfdc6154aa9a818470747ef5f05,07030,7,5000,Occupied,2000-11-23,,2023-10-01,2018-09-12,2020-01-25
09c1a28f4fbb4e1192a496cfc2c2c462,1a76ccc764b14457bb6dacd0eaca31e2,01001,1,13333,Occupied,2015-05-18,,2021-12-07,2016-10-24,2019-02-24
099b4a315a0d47cba898de10a98a1e53,1a76ccc764b14457bb6dacd0eaca31e2,01002,1,13333,Occupied,1998-03-28,,2021-09-02,2020-02-05,2024-11-20
83d1cb987e9244cc8b4a5f879e3a0299,1a76ccc764b14457bb6dacd0eaca31e2,01003,1,13333,Vacant,2009-05-25,2021-03-07,,2024-03-19,2024-05-20
2755a54099f148a39e3eb3e167bda203,1a76ccc764b14457bb6dacd0eaca31e2,01004,1,13333,Occupied,2023-02-24,,2021-01-02,2024-07-20,2025-06-22
e9dbe8bd25a3481a9dd9ed8f408d91d4,1a76ccc764b14457bb6dacd0eaca31e2,01005,1,13333,Occupied,2013-12-26,,2022-12-05,2019-03-01,2020-08-22
b7f20a73bd394a80bb9c9c66d3525696,1a76ccc764b14457bb6dacd0eaca31e2,01006,1,13333,Occupied,2015-08-04,,2023-08-14,2022-04-04,2024-07-16
eeccac6331f541faabfef6b8dc0ed842,48638f08c08d428da29a13ec19675099,01001,1,7500,Occupied,2000-06-15,,2021-09-21,2017-12-20,2023-05-06
59664db293b84d27a4d15725d9dda0ef,48638f08c08d428da29a13ec19675099,01002,1,7500,Occupied,2022-04-11,,2021-06-09,2022-07-05,2024-09-02
1293e09f535b4017bc8c1338d8c16ee1,48638f08c08d428da29a13ec19675099,01003,1,7500,Occupied,2004-04-29,,2025-03-17,2015-10-18,2018-09-24
e921b9f6f7c6442aa4421eadf78ff7d4,48638f08c08d428da29a13ec19675099,01004,1,7500,Occupied,2016-03-28,,2023-01-03,2019-01-25,2021-06-30
7e0ce5408edb4c3e9293a6c35fec41d5,48638f08c08d428da29a13ec19675099,01005,1,7500,Occupied,2009-05-15,,2021-10-27,2016-03-17,2018-03-26
c92928fc16a9494e8c6eb260f8938226,48638f08c08d428da29a13ec19675099,01006,1,7500,Occupied,2024-11-15,,2025-01-19,2018-09-05,2025-07-16
f5981261c1774cc6858c7a8352aa8eeb,48638f08c08d428da29a13ec19675099,01007,1,7500,Occupied,1991-02-14,,2021-10-19,2018-12-27,2025-07-05
4dee699dcbcd4526b570a91c9f776f17,48638f08c08d428da29a13ec19675099,01008,1,7500,Occupied,1993-01-01,,2024-05-19,2017-02-07,2021-08-24
c693855156864d1f8f67334a85580fcd,39421673b32c4792b3fd98e71f42b839,02001,2,7000,Vacant,2019-05-08,2025-02-03,,2023-01-12,2023-07-10
507b4ff4e81646438573449b41620514,39421673b32c4792b3fd98e71f42b839,02002,2,7000,Occupied,2006-03-31,,2025-03-23,2022-07-05,2022-07-13
b47c3eb2236a4f77958e954c82b3a036,39421673b32c4792b3fd98e71f42b839,02003,2,7000,Occupied,2007-06-16,,2024-08-28,2016-11-26,2022-07-11
4d33fa4c19c24982a5928a2db0535b9e,39421673b32c4792b3fd98e71f42b839,01004,1,7000,Occupied,2001-05-27,,2022-08-03,2020-02-01,2024-03-09
98038fe21480416982175e7d5376cd6e,39421673b32c4792b3fd98e71f42b839,02005,2,7000,Occupied,2004-02-15,,2021-05-19,2021-03-15,2021-11-06
4a588cb3ea3f45ccadf0cf6fed7411ea,39421673b32c4792b3fd98e71f42b839,01006,1,7000,Occupied,2001-10-10,,2024-11-22,2021-06-27,2023-11-05
0990c06e3bf04c99bf1aef497844c2f0,39421673b32c4792b3fd98e71f42b839,02007,2,7000,Occupied,1988-12-26,,2024-04-08,2021-06-30,2022-09-21
0ba7ca4c86a243cba1b7609d5fe7131a,39421673b32c4792b3fd98e71f42b839,01008,1,7000,Occupied,2004-10-09,,2023-03-19,2016-03-21,2018-06-21
3860e529c1fc4f58a4fb326e879434e0,39421673b32c4792b3fd98e71f42b839,01009,1,7000,Occupied,2002-05-25,,2021-08-25,2020-10-04,2024-01-27
d4634b076f1d49dab9513b18f4fba273,39421673b32c4792b3fd98e71f42b839,01010,1,7000,Occupied,2019-03-30,,2025-04-07,2020-11-07,2024-04-09
f1ebc22e91234792831d1b244c74ef18,f57d5de8e3c54efea0316046a985b193,04001,4,7500,Vacant,2023-04-05,2024-07-21,,2016-09-24,2025-01-20
d2fa8bc41e2f4e90abe49e7173415612,f57d5de8e3c54efea0316046a985b193,03002,3,7500,Vacant,2014-09-28,2021-05-04,,2022-11-16,2024-09-22
da35538abbb24103a181a8b203bccf17,f57d5de8e3c54efea0316046a985b193,03003,3,7500,Vacant,2019-01-19,2022-08-04,,2016-05-18,2017-10-23
bf606254bc37416d924563c724aeaaa8,f57d5de8e3c54efea0316046a985b193,01004,1,7500,Vacant,2007-08-29,2024-10-06,,2019-08-14,2023-02-18
9b416488bdec405fb234970ce443201c,f57d5de8e3c54efea0316046a985b193,03005,3,7500,Vacant,2023-12-16,2021-05-22,,2015-12-17,2023-11-21
62f8891724a04322a3db1554c62c9a88,f57d5de8e3c54efea0316046a985b193,03006,3,7500,Vacant,2011-01-02,2021-05-06,,2022-01-13,2023-08-12
7a8555b46cba480eb53b046fa184665b,f57d5de8e3c54efea0316046a985b193,04007,4,7500,Vacant,2011-07-29,2024-07-15,,2023-04-15,2025-07-19
ffcd7ac02fe347b1ac1ff107991425bb,f57d5de8e3c54efea0316046a985b193,02008,2,7500,Vacant,1997-09-19,2023-01-04,,2015-12-04,2018-05-02
492eef9dc4694632a0ae135f2316dcfb,f57d5de8e3c54efea0316046a985b193,04009,4,7500,Occupied,2017-09-28,,2021-07-04,2016-06-24,2016-07-22
fbdc3c32347f4eeea17539db03fe0833,f57d5de8e3c54efea0316046a985b193,04010,4,7500,Vacant,1999-03-02,2021-11-24,,2021-09-26,2023-02-26
06ce9073c38045868a278dfa9361f178,f57d5de8e3c54efea0316046a985b193,03011,3,7500,Vacant,2014-04-05,2022-07-20,,2022-04-17,2024-06-22
6348e3d1a53d4e46a4159a2880e3add9,f57d5de8e3c54efea0316046a985b193,03012,3,7500,Vacant,2007-03-16,2020-12-05,,2015-11-05,2016-07-27
788fff449a004861ad96631ab3905f8e,f57d5de8e3c54efea0316046a985b193,04013,4,7500,Occupied,2003-07-02,,2020-08-27,2016-08-09,2024-07-18
83fb9f0353bd464da8c6dddd215ead73,f57d5de8e3c54efea0316046a985b193,04014,4,7500,Vacant,2002-07-01,2025-07-18,,2015-08-31,2020-05-27
c968f01331704d03afb3255991f743b1,f57d5de8e3c54efea0316046a985b193,03015,3,7500,Occupied,2011-03-01,,2023-11-02,2020-08-11,2020-12-13
395c5c184af6416aae26812061af8bc1,f57d5de8e3c54efea0316046a985b193,02016,2,7500,Vacant,2015-03-03,2025-02-06,,2016-03-06,2016-12-01
a1ef7f16de6840b4861e108a4b784685,4c80b9a1fc5d478aaf36d19ae1e5e405,01001,1,7500,Occupied,2002-01-02,,2020-12-06,2023-03-12,2023-07-30
055c722b975a44bb8615c119d322380c,4c80b9a1fc5d478aaf36d19ae1e5e405,01002,1,7500,Occupied,1988-05-15,,2024-02-13,2019-02-13,2024-08-02
20b43e90856940ddbab660295f56d526,4c80b9a1fc5d478aaf36d19ae1e5e405,01003,1,7500,Occupied,2012-10-30,,2021-01-01,2016-03-02,2022-01-19
626e960f65174e708ce071f7fb2ee5b8,4c80b9a1fc5d478aaf36d19ae1e5e405,01004,1,7500,Occupied,2021-04-22,,2025-01-06,2022-10-01,2023-02-24
37453e4606374ddcbb85acea5d840622,4c80b9a1fc5d478aaf36d19ae1e5e405,01005,1,7500,Occupied,2012-04-06,,2021-03-01,2017-06-12,2020-05-14
93dea42f9c284e68b8bc6e4f0bdf597e,4c80b9a1fc5d478aaf36d19ae1e5e405,01006,1,7500,Occupied,2022-05-29,,2021-10-27,2019-06-19,2020-04-15
3cf12d4ac3ad4f7db66e6bc1a75e4f9a,4c80b9a1fc5d478aaf36d19ae1e5e405,01007,1,7500,Occupied,2024-09-30,,2022-10-14,2023-07-27,2024-06-01
6ad7bfed876745b280b7a2ec1d814d60,4c80b9a1fc5d478aaf36d19ae1e5e405,01008,1,7500,Occupied,2017-04-27,,2021-04-29,2016-12-24,2024-07-02
9ec0efd378b1457ea2ead3344970c458,4c80b9a1fc5d478aaf36d19ae1e5e405,01009,1,7500,Occupied,2021-03-10,,2021-07-28,2017-06-10,2018-04-07
ecbb47bb5fa24ff1bc2e1eecb10d9aac,4c80b9a1fc5d478aaf36d19ae1e5e405,01010,1,7500,Occupied,1991-01-08,,2021-12-30,2016-07-01,2022-12-14
72192a63cc574cd4833960522ba551c3,4c80b9a1fc5d478aaf36d19ae1e5e405,01011,1,7500,Occupied,2011-10-11,,2025-05-20,2023-01-15,2023-05-25
8b211f5301cf490aadcd81d4a1ce3c3b,4c80b9a1fc5d478aaf36d19ae1e5e405,01012,1,7500,Occupied,2000-09-11,,2021-01-08,2023-04-06,2024-07-29
60ce7c813a1c4395a440418afe6aef55,597d778833d14d77a3d7e2964e8bb2fa,03001,3,4000,Vacant,1990-02-13,2023-01-19,,2020-08-15,2020-09-07
94885c53728043abb72c120d1638e54e,597d778833d14d77a3d7e2964e8bb2fa,02002,2,4000,Occupied,2006-06-25,,2024-09-05,2016-12-01,2022-03-26
16dffc1a495d484e89da1bf08156eafc,597d778833d14d77a3d7e2964e8bb2fa,03003,3,4000,Occupied,1987-05-14,,2023-11-21,2019-09-30,2025-06-06
6f445cf5f3cb4dcbb744eca92db1abd1,597d778833d14d77a3d7e2964e8bb2fa,01004,1,4000,Vacant,2015-03-18,2023-10-30,,2022-12-18,2024-04-03
0ffab9bf9f8e404fb4ba5ee6db4c7a25,597d778833d14d77a3d7e2964e8bb2fa,02005,2,4000,Occupied,2008-04-20,,2022-11-02,2022-09-16,2023-03-31
46f52cffaba44f6685f3a724967b38bd,597d778833d14d77a3d7e2964e8bb2fa,03006,3,4000,Occupied,1999-06-27,,2025-04-22,2017-12-31,2020-08-27
38b48f214f1f473386b076d6db10cccd,597d778833d14d77a3d7e2964e8bb2fa,03007,3,4000,Occupied,1985-08-08,,2022-08-02,2023-04-18,2023-08-29
c7da81c6c9834b40ba45f875d9d860d7,597d778833d14d77a3d7e2964e8bb2fa,02008,2,4000,Occupied,1987-08-04,,2020-08-29,2024-05-23,2024-10-29
b6f2fa7a776e417c97a40da89cbeb37c,597d778833d14d77a3d7e2964e8bb2fa,02009,2,4000,Occupied,2018-10-31,,2022-10-08,2016-11-15,2019-03-10
5da63155b37143889029ec7a5ee4114f,597d778833d14d77a3d7e2964e8bb2fa,03010,3,4000,Vacant,1990-08-17,2023-08-13,,2016-06-03,2024-02-23
8a4a9c53e45e491dab72e6f995ee4d54,597d778833d14d77a3d7e2964e8bb2fa,03011,3,4000,Occupied,2017-07-06,,2021-04-28,2021-03-26,2024-07-14
62adf2b7012846fc91f0208d30309086,597d778833d14d77a3d7e2964e8bb2fa,02012,2,4000,Vacant,1980-07-06,2023-04-07,,2023-11-18,2025-04-02
1162928f8040411aa9bb5dcb44ab3d74,597d778833d14d77a3d7e2964e8bb2fa,03013,3,4000,Vacant,1988-08-25,2021-02-13,,2018-09-08,2020-11-06
274411438b48444481eca587ad327892,597d778833d14d77a3d7e2964e8bb2fa,01014,1,4000,Occupied,1988-01-28,,2020-08-19,2020-11-14,2023-05-13
6bee9a931a914cc3aefe8ea2cc636910,597d778833d14d77a3d7e2964e8bb2fa,03015,3,4000,Vacant,1985-03-31,2022-05-02,,2019-08-08,2024-11-01
fce3d13fd48242159c8996d54a55f2ed,59d0649ef6af480ba73e51931026f91a,01001,1,5200,Occupied,2001-12-03,,2024-08-13,2018-09-14,2023-01-06
3fe8a8630852474eab98e09e9fccacec,59d0649ef6af480ba73e51931026f91a,03002,3,5200,Vacant,2002-01-09,2021-01-12,,2015-11-18,2021-10-10
7dbc2aced8274918b5456d0e89a49188,59d0649ef6af480ba73e51931026f91a,01003,1,5200,Occupied,2019-09-07,,2020-11-24,2022-12-25,2025-02-04
2215c2cb3edb461c91fac0baf6a83380,59d0649ef6af480ba73e51931026f91a,03004,3,5200,Occupied,1999-05-24,,2024-09-01,2016-11-13,2023-07-16
02cc07f01aed4e0ba0d474219b85165e,59d0649ef6af480ba73e51931026f91a,03005,3,5200,Occupied,1996-04-16,,2023-04-27,2015-10-25,2024-03-29
73698848326b4e25a57cde2f24452144,59d0649ef6af480ba73e51931026f91a,03006,3,5200,Vacant,2009-11-02,2025-01-23,,2021-09-21,2023-05-31
73fbda5d7f5a439eab17bb01cb3a62e0,59d0649ef6af480ba73e51931026f91a,04007,4,5200,Vacant,2006-05-08,2020-09-14,,2016-03-27,2020-01-21
9862cf71c5134aa5b039d1166b4ca066,59d0649ef6af480ba73e51931026f91a,02008,2,5200,Occupied,1993-08-26,,2021-05-09,2017-07-07,2022-05-09
a4c2417e66b04593aa2ba8977d666016,59d0649ef6af480ba73e51931026f91a,02009,2,5200,Vacant,2012-05-27,2023-10-10,,2020-09-06,2025-01-08
036f207b83c54d2bae845df8ed69868e,59d0649ef6af480ba73e51931026f91a,05010,5,5200,Occupied,2015-07-25,,2022-09-21,2015-09-15,2016-03-27
f91c4968407947f0a804bebdcbf9c8f5,59d0649ef6af480ba73e51931026f91a,04011,4,5200,Vacant,2014-02-04,2021-10-01,,2016-09-04,2024-07-08
18d411544dd44d4d9aa29f3c7e3c62cd,59d0649ef6af480ba73e51931026f91a,05012,5,5200,Occupied,2015-01-29,,2020-08-30,2021-02-15,2024-03-24
1fbe090c0e8441a28e6219e7841c30ad,59d0649ef6af480ba73e51931026f91a,02013,2,5200,Vacant,1990-01-20,2022-07-20,,2019-09-08,2021-10-05
6e2a17c87bda454e956cbb5e10a8f232,59d0649ef6af480ba73e51931026f91a,02014,2,5200,Occupied,2006-09-08,,2021-05-19,2023-01-23,2024-04-30
85512df1e2774b49aef9a43c5b8f99ac,59d0649ef6af480ba73e51931026f91a,02015,2,5200,Vacant,2009-11-01,2021-06-11,,2022-03-26,2022-12-22
281b6d3eacaf4b8fa06a53ee97ac2427,59d0649ef6af480ba73e51931026f91a,01016,1,5200,Vacant,2004-05-06,2021-11-21,,2016-06-05,2020-11-03
16a93296e40647d2a7f54666087e852f,59d0649ef6af480ba73e51931026f91a,05017,5,5200,Occupied,1991-10-03,,2022-01-04,2018-09-22,2022-06-04
04990da83b154386a7857fa56bae95cf,59d0649ef6af480ba73e51931026f91a,04018,4,5200,Vacant,2017-08-20,2023-10-09,,2018-09-07,2022-01-06
25945e9dd2c84c019de7107640d5d13d,59d0649ef6af480ba73e51931026f91a,05019,5,5200,Occupied,2011-07-27,,2020-08-08,2021-12-17,2023-05-30
4af481e6221e4d3ebdcb4b6ed5351cdb,59d0649ef6af480ba73e51931026f91a,02020,2,5200,Occupied,2012-01-01,,2023-03-06,2024-07-11,2025-01-03
51ab00c7f45848eda744894617707ff5,59d0649ef6af480ba73e51931026f91a,04021,4,5200,Occupied,2009-05-08,,2022-04-18,2020-12-04,2022-12-22
4738d9e3d1e04af79a8b8760a405d8fd,59d0649ef6af480ba73e51931026f91a,05022,5,5200,Occupied,1989-02-24,,2022-01-17,2019-12-27,2024-05-16
cc18edb5bc734f2293d331efe2fa43f5,59d0649ef6af480ba73e51931026f91a,02023,2,5200,Vacant,1991-11-05,2021-02-17,,2015-08-23,2019-10-14
52c99bc167c0412baa168ae856bb2208,59d0649ef6af480ba73e51931026f91a,02024,2,5200,Occupied,2009-06-03,,2022-12-08,2024-02-29,2024-07-24
6bec7e20e10a4bfbb003c0e4a99e62e3,59d0649ef6af480ba73e51931026f91a,04025,4,5200,Occupied,1992-04-08,,2021-05-20,2016-01-21,2019-07-08
34d47e180bef4d11bec22a75fb3e8c2c,a1dda407127a44b1830597dfdd968247,02001,2,5277,Occupied,2012-05-21,,2023-04-21,2018-09-18,2019-05-09
aefb7b4bcf2c4ff39acfee564e49d0d6,a1dda407127a44b1830597dfdd968247,02002,2,5277,Occupied,2008-08-15,,2021-08-21,2016-03-14,2022-08-05
557e438e50ee447faa62229cbf9b107f,a1dda407127a44b1830597dfdd968247,01003,1,5277,Occupied,2006-07-22,,2024-12-29,2020-11-17,2025-04-19
926443757361418382df6dd4259bf135,a1dda407127a44b1830597dfdd968247,02004,2,5277,Occupied,1998-11-04,,2021-12-31,2017-02-20,2022-01-19
b191b9d76aef405f8dfaa4f43493cc91,a1dda407127a44b1830597dfdd968247,02005,2,5277,Occupied,2009-05-12,,2020-10-22,2020-10-12,2024-04-03
5210db28413548fa8f2d75d8cbc89fd3,a1dda407127a44b1830597dfdd968247,01006,1,5277,Occupied,2014-08-12,,2024-08-21,2016-05-20,2023-12-21
aca123d23c7842beb8a0025c3d316ffa,a1dda407127a44b1830597dfdd968247,01007,1,5277,Occupied,2006-12-14,,2022-11-01,2017-08-29,2024-04-25
ed3b4a6eea514f0c888df3f4a6c31f77,a1dda407127a44b1830597dfdd968247,02008,2,5277,Occupied,2006-08-24,,2025-05-13,2016-03-06,2019-10-23
aa5af3169c214c8ba1c76a49dede0c96,a1dda407127a44b1830597dfdd968247,03009,3,5277,Occupied,2022-03-25,,2023-04-27,2020-09-11,2022-03-08
d3eb163623a04e56bea784a63d8cff1d,a1dda407127a44b1830597dfdd968247,02010,2,5277,Occupied,2017-09-05,,2021-01-01,2021-08-03,2025-06-19
bd51270451dc428699f26427a0731187,a1dda407127a44b1830597dfdd968247,03011,3,5277,Occupied,2021-09-22,,2022-01-15,2022-01-26,2022-07-14
d8712b0cde8e4bdd89580e73db69dd6e,a1dda407127a44b1830597dfdd968247,02012,2,5277,Occupied,2018-08-06,,2020-11-30,2023-12-06,2025-02-24
345c051de4b74c518b910e1ff4638a77,a1dda407127a44b1830597dfdd968247,03013,3,5277,Occupied,2019-11-26,,2022-11-12,2021-06-20,2023-03-17
c21acaaa03e649619eec09cbb94255d7,a1dda407127a44b1830597dfdd968247,02014,2,5277,Occupied,2019-09-24,,2024-05-28,2015-11-06,2016-07-30
dbab84de47df48c7bad14e7c6c3a91ac,a1dda407127a44b1830597dfdd968247,01015,1,5277,Occupied,2012-09-26,,2021-10-22,2020-10-22,2023-08-14
3c6b60d7a63a41f4bdb57a0db0504879,a1dda407127a44b1830597dfdd968247,03016,3,5277,Occupied,2014-02-06,,2025-07-02,2020-05-28,2020-08-31
8748d72bc542458494c29498c64e132d,a1dda407127a44b1830597dfdd968247,02017,2,5277,Occupied,2003-12-30,,2021-04-15,2022-11-25,2025-03-24
aec47e484327446da0fe489a313642a5,a1dda407127a44b1830597dfdd968247,02018,2,5277,Occupied,2010-10-18,,2024-10-04,2023-05-05,2023-10-12
1915eb4061624fa7a9b7d63fc879f20c,57283063e2424dadad410beae686d570,03001,3,4500,Occupied,1997-06-26,,2020-11-09,2018-06-19,2018-11-07
29b57b0d823e4c35b05e8003afd15f50,57283063e2424dadad410beae686d570,03002,3,4500,Occupied,2012-12-20,,2021-06-01,2019-11-01,2024-08-05
1982f3f71fc24c2ebe2ab262c1f93a77,57283063e2424dadad410beae686d570,03003,3,4500,Occupied,1989-01-21,,2022-10-09,2023-02-10,2024-01-27
35304c6f479a4bab81119d6a9e86abe3,57283063e2424dadad410beae686d570,03004,3,4500,Occupied,2020-01-26,,2022-08-15,2017-08-14,2025-07-22
65aa35fbe92d40e588e7baa5e5537672,57283063e2424dadad410beae686d570,01005,1,4500,Occupied,1991-08-15,,2023-11-20,2016-11-16,2023-04-17
e9508e9716e24b91a2d00fa30fa74238,57283063e2424dadad410beae686d570,03006,3,4500,Occupied,2008-08-11,,2024-03-12,2023-12-05,2025-01-28
7e1db9de6b7b40b89b1e1e8a18fcdb46,57283063e2424dadad410beae686d570,01007,1,4500,Occupied,2015-09-30,,2024-02-19,2022-07-20,2025-01-14
0aafd479cbc040ea83a58ed0f962ea5d,57283063e2424dadad410beae686d570,03008,3,4500,Occupied,2024-12-30,,2023-02-03,2023-05-24,2024-02-08
13db4a0066444744bb08969db43d5888,57283063e2424dadad410beae686d570,03009,3,4500,Occupied,1990-01-07,,2024-11-03,2022-12-27,2025-05-19
decc47e492cd4f6abf4013919d9712bf,57283063e2424dadad410beae686d570,01010,1,4500,Occupied,2023-04-26,,2025-01-13,2019-08-16,2022-10-25
24f047ed01ab42b4b155c6873b204437,5641ca040cab4387a9fdd2c589e015fe,07001,7,5000,Vacant,2008-12-14,2024-04-02,,2024-04-01,2024-09-12
3b68d12033fd40f682b3f3f9d1fb2f7d,5641ca040cab4387a9fdd2c589e015fe,04002,4,5000,Occupied,2015-05-15,,2021-11-14,2018-04-25,2024-11-29
0840c933200143b4b0f2ba6f0609f3b5,5641ca040cab4387a9fdd2c589e015fe,07003,7,5000,Occupied,1988-10-24,,2021-03-16,2021-10-01,2022-01-23
63d02cda57c3491dbc9326328abff5df,5641ca040cab4387a9fdd2c589e015fe,03004,3,5000,Vacant,2009-08-26,2024-05-01,,2017-06-20,2023-08-09
35b64195deb74edca7fbe65ecd503c26,5641ca040cab4387a9fdd2c589e015fe,06005,6,5000,Occupied,2014-01-20,,2023-11-30,2024-02-01,2024-06-08
45c6c96cac86454aaba40911a8cc3acb,5641ca040cab4387a9fdd2c589e015fe,07006,7,5000,Occupied,1998-10-20,,2021-10-16,2017-04-08,2020-11-06
58184ad9710a4e6b856f40dc493876da,5641ca040cab4387a9fdd2c589e015fe,03007,3,5000,Occupied,1993-09-03,,2023-07-12,2024-03-08,2024-07-19
7cfe158387ad4099a3154ae215f447e1,5641ca040cab4387a9fdd2c589e015fe,07008,7,5000,Occupied,1994-09-22,,2022-09-12,2018-08-31,2024-11-05
60829c1ef50b485e911a2b527d116b42,5641ca040cab4387a9fdd2c589e015fe,01009,1,5000,Occupied,1991-02-25,,2025-04-09,2022-04-07,2023-01-09
1aa71563af064a81b98d13263fb91dcd,5641ca040cab4387a9fdd2c589e015fe,04010,4,5000,Occupied,2024-08-09,,2024-08-07,2017-09-28,2018-04-12
c7024456a3d84b5ab212214cb4df7d84,5641ca040cab4387a9fdd2c589e015fe,01011,1,5000,Occupied,1988-09-18,,2021-08-01,2024-04-23,2025-05-27
dc4a6554bf6f457bb98d30d3e5478763,5641ca040cab4387a9fdd2c589e015fe,02012,2,5000,Occupied,1987-04-14,,2023-11-24,2022-10-29,2024-12-23
0135d8f4a985439ea65c311963406329,5641ca040cab4387a9fdd2c589e015fe,07013,7,5000,Occupied,2016-01-23,,2024-03-30,2019-12-27,2023-01-03
55c1ec9075e34f53a0a06b2578704d23,5641ca040cab4387a9fdd2c589e015fe,02014,2,5000,Occupied,1982-08-11,,2021-08-07,2016-12-17,2020-11-04
4ece95cd4552439ba6434abf37807b96,5641ca040cab4387a9fdd2c589e015fe,07015,7,5000,Occupied,1992-07-24,,2020-11-28,2017-03-10,2024-12-24
f45436a56763455391aefedea59ccff3,5641ca040cab4387a9fdd2c589e015fe,06016,6,5000,Vacant,1998-05-28,2021-04-28,,2018-04-25,2019-07-23
e0ddf0c3212b4ca488c7aad0a055b1ba,5641ca040cab4387a9fdd2c589e015fe,06017,6,5000,Occupied,2022-11-23,,2020-09-22,2018-11-09,2022-07-30
6472c7c367ed44f5b0eb812bc1d9dc37,5641ca040cab4387a9fdd2c589e015fe,06018,6,5000,Occupied,2001-11-15,,2023-05-23,2022-02-07,2024-02-12
89aaa288259e49f8a3be02bec8ab6534,5641ca040cab4387a9fdd2c589e015fe,04019,4,5000,Occupied,2007-11-03,,2023-02-15,2018-05-18,2021-07-05
1d06c808cd434b34a436e74ceb56856f,5641ca040cab4387a9fdd2c589e015fe,07020,7,5000,Vacant,2016-03-17,2023-12-04,,2023-10-12,2023-11-15
23505402783a461c99cd48dc767d73c1,5641ca040cab4387a9fdd2c589e015fe,07021,7,5000,Occupied,2015-11-29,,2023-06-25,2023-08-12,2024-09-06
e2eb812e7a8d4ee48efa226d9b740dfd,5641ca040cab4387a9fdd2c589e015fe,05022,5,5000,Occupied,2012-10-17,,2023-12-15,2018-09-16,2022-08-09
ed148528bad14538b2b89e24a3d0348b,5641ca040cab4387a9fdd2c589e015fe,03023,3,5000,Vacant,2000-02-14,2024-07-30,,2016-04-30,2018-10-20
6b5ab10fddc04c31b747655053b3ef82,5641ca040cab4387a9fdd2c589e015fe,01024,1,5000,Occupied,1990-11-08,,2023-06-27,2023-03-13,2024-08-20
36d2fe17a1194d6a90b14edd43e6ab98,5641ca040cab4387a9fdd2c589e015fe,07025,7,5000,Vacant,2016-11-15,2024-04-15,,2020-10-06,2020-11-19
a69fe715aacc4be8b57ec993a307c239,5641ca040cab4387a9fdd2c589e015fe,04026,4,5000,Occupied,2011-02-14,,2023-12-26,2021-02-27,2024-03-27
6d0508eea25c42718c0cd10bb3d40c5b,5641ca040cab4387a9fdd2c589e015fe,01027,1,5000,Occupied,2023-11-23,,2022-04-29,2020-04-30,2020-06-20
d18e0b8590e64eedbe70812217f0a357,5641ca040cab4387a9fdd2c589e015fe,03028,3,5000,Occupied,2013-05-25,,2024-11-14,2023-09-05,2024-11-14
e0e26189b1fa4b91ba6a872981ea2422,a7048442d38e46d885c04d49f1b21939,06001,6,4583,Vacant,2000-04-04,2021-09-20,,2016-03-26,2024-07-17
649eae3e95ec4bff88d6c8162a2c3fc1,a7048442d38e46d885c04d49f1b21939,06002,6,4583,Vacant,2001-02-26,2022-06-28,,2016-01-07,2024-03-06
a619bb47ec0044db9abb57233a049f05,a7048442d38e46d885c04d49f1b21939,03003,3,4583,Vacant,2019-04-16,2024-07-06,,2020-08-13,2021-02-10
29a0f43e2779418584caf452d6d74718,a7048442d38e46d885c04d49f1b21939,05004,5,4583,Occupied,2019-10-31,,2024-08-29,2020-05-22,2024-01-20
4e9e32176e374f2e904fe79d9500610f,a7048442d38e46d885c04d49f1b21939,04005,4,4583,Vacant,1986-10-16,2023-08-20,,2021-09-16,2025-01-13
44c30f0459f64b7b8d4c7cbfd261b36d,a7048442d38e46d885c04d49f1b21939,06006,6,4583,Vacant,2022-12-05,2021-06-02,,2020-12-18,2023-05-07
bd54e51a4e1e4cd2afaf829b26d12b92,a7048442d38e46d885c04d49f1b21939,03007,3,4583,Vacant,2011-06-13,2020-10-11,,2015-10-07,2017-11-22
93ab3b04512c4c2898aab0e73a445aa9,a7048442d38e46d885c04d49f1b21939,01008,1,4583,Vacant,2014-01-30,2021-05-22,,2018-11-09,2024-07-14
955b0082aa2b4199ae5abbb0412e9111,a7048442d38e46d885c04d49f1b21939,06009,6,4583,Vacant,2022-12-05,2022-01-23,,2022-06-11,2024-12-17
9ba6395638d34ac4a9dfcd938bab760d,a7048442d38e46d885c04d49f1b21939,02010,2,4583,Vacant,2023-03-12,2022-03-11,,2021-05-04,2025-06-30
5945238cd1bd48958ebcda6223e35963,a7048442d38e46d885c04d49f1b21939,04011,4,4583,Vacant,1985-01-12,2022-08-20,,2016-02-02,2021-05-24
8f8334b608954343b227fc19b606114c,a7048442d38e46d885c04d49f1b21939,01012,1,4583,Occupied,2016-10-02,,2023-11-02,2024-05-12,2024-11-29
08f75fe4c92f40acadf40f09c2d23aae,a7048442d38e46d885c04d49f1b21939,05013,5,4583,Vacant,1988-04-13,2022-10-13,,2018-11-20,2024-05-10
8b66985d02b043aabd4ba3e49cff46c7,a7048442d38e46d885c04d49f1b21939,05014,5,4583,Vacant,2003-10-28,2021-02-24,,2024-03-04,2024-05-13
c11e9759adac43ff8214f8c987a513d9,a7048442d38e46d885c04d49f1b21939,03015,3,4583,Occupied,2013-11-09,,2025-02-04,2016-05-04,2022-01-15
a293d5400b07414b85abdba7c710f543,a7048442d38e46d885c04d49f1b21939,05016,5,4583,Vacant,2024-05-18,2024-11-16,,2017-01-13,2024-02-27
78d9003af55742a0aa51432efece311a,a7048442d38e46d885c04d49f1b21939,02017,2,4583,Vacant,2010-07-31,2023-07-21,,2022-11-01,2025-07-01
e0d1d75e89354e44b88166beea08615e,a7048442d38e46d885c04d49f1b21939,06018,6,4583,Occupied,2017-05-07,,2024-09-29,2023-10-01,2024-01-18
0162d975953248b6af779f12dae04a11,a7048442d38e46d885c04d49f1b21939,01019,1,4583,Vacant,2015-08-15,2024-09-27,,2017-01-14,2019-11-28
183b6a7bd84043a8ad714945d240faf8,a7048442d38e46d885c04d49f1b21939,06020,6,4583,Vacant,2001-12-10,2023-09-01,,2020-05-02,2024-08-30
3be9a912df704df49dd5a70a393e8f93,a7048442d38e46d885c04d49f1b21939,04021,4,4583,Vacant,1999-04-17,2021-03-09,,2023-10-15,2024-12-22
21e8b19db1224ac7925f95e24bb140f0,a7048442d38e46d885c04d49f1b21939,06022,6,4583,Occupied,2005-03-20,,2024-05-20,2016-07-09,2018-11-08
1f4fff08de2747cc8d623aea0a376973,a7048442d38e46d885c04d49f1b21939,03023,3,4583,Vacant,2019-05-18,2023-08-27,,2018-06-14,2019-12-23
65c8c04d9812447a929fc280c10f82be,a7048442d38e46d885c04d49f1b21939,06024,6,4583,Vacant,1992-08-21,2023-09-16,,2020-02-02,2020-04-20
b9fc34efca89452fbec7689e51d11ed7,d500a7d4dfe348a5967536b751413848,02001,2,5000,Occupied,1996-04-08,,2024-10-03,2022-04-13,2025-04-03
0a29265e4164413283e2a2066bc918ec,d500a7d4dfe348a5967536b751413848,02002,2,5000,Occupied,2004-09-13,,2021-05-08,2022-07-10,2023-10-19
e8b5ede0b950417f9c104a8ffbbee857,d500a7d4dfe348a5967536b751413848,02003,2,5000,Occupied,2001-02-17,,2021-11-24,2022-01-14,2022-03-28
702978459c5b4288bdad82bfd99d3e95,d500a7d4dfe348a5967536b751413848,02004,2,5000,Occupied,2008-07-18,,2024-06-14,2022-02-27,2025-03-20
946b3707aeb2494b9a50fea592d4fd81,d500a7d4dfe348a5967536b751413848,01005,1,5000,Occupied,2008-01-25,,2021-02-18,2023-12-19,2025-02-09
5eaa2c7d505546f5bfebe16bda527d03,d500a7d4dfe348a5967536b751413848,02006,2,5000,Occupied,1989-08-02,,2022-04-20,2018-04-14,2020-02-03
5b92df2bcf8143709091813c7346068d,d500a7d4dfe348a5967536b751413848,01007,1,5000,Occupied,2002-12-24,,2022-12-05,2021-08-31,2021-12-06
e3a968855e424b9ba2e88b522fa03692,d500a7d4dfe348a5967536b751413848,02008,2,5000,Occupied,2000-10-30,,2023-04-29,2023-04-29,2024-06-23
1da22ec2479e4cfdbaffcf04089ad0a3,d500a7d4dfe348a5967536b751413848,02009,2,5000,Occupied,2004-02-12,,2020-10-16,2021-12-23,2022-05-21
36b8afa6523b4d95b0329fed8823745f,d500a7d4dfe348a5967536b751413848,02010,2,5000,Occupied,2021-09-13,,2023-04-09,2016-01-27,2024-10-24
a9b42082cb5648be8602b4cee3197de1,d500a7d4dfe348a5967536b751413848,01011,1,5000,Vacant,1997-08-09,2021-05-21,,2019-12-02,2021-12-21
5af1a22e8a7744fc95d54f9a88b3f82c,d500a7d4dfe348a5967536b751413848,02012,2,5000,Occupied,2015-10-01,,2023-10-30,2023-01-18,2024-01-02
cc27cb27415e43eebd7c2746ce8c037b,253838a3889d48bc87f885e575749bb9,03001,3,4666,Occupied,2018-02-14,,2023-07-24,2018-02-18,2023-01-30
14f09549d3a04c6fb7e79a18061c8992,253838a3889d48bc87f885e575749bb9,01002,1,4666,Occupied,1997-10-21,,2023-01-20,2018-12-23,2021-05-29
36f4fa2d108b4019b0876e7cc9425dce,253838a3889d48bc87f885e575749bb9,03003,3,4666,Occupied,2020-04-27,,2021-03-25,2024-01-07,2024-07-15
318f0cccdc664ac8a946b135faafd5be,253838a3889d48bc87f885e575749bb9,03004,3,4666,Occupied,2013-02-17,,2024-10-09,2019-01-09,2020-05-30
9ce9f640fe1f45bfb92e711022290356,253838a3889d48bc87f885e575749bb9,03005,3,4666,Occupied,2003-06-24,,2023-03-04,2021-08-08,2024-01-08
51e9f9a3f7634764b08ca98ff543a235,253838a3889d48bc87f885e575749bb9,01006,1,4666,Occupied,2000-04-30,,2021-09-30,2022-09-18,2025-07-21
b5f93297dad84ee0aa4807a05d4ea0c0,253838a3889d48bc87f885e575749bb9,01007,1,4666,Occupied,1997-10-19,,2022-02-07,2018-02-17,2018-08-10
17c6b08d81d0460185a9370df996c18d,253838a3889d48bc87f885e575749bb9,02008,2,4666,Occupied,2009-03-11,,2023-04-24,2016-01-06,2025-04-30
a32f4d5d6403427db7b42927f86ba842,253838a3889d48bc87f885e575749bb9,01009,1,4666,Occupied,2003-05-13,,2020-11-24,2019-08-29,2021-02-09
88f7b08ae2db4aca8941cbe7dd5d6aaa,253838a3889d48bc87f885e575749bb9,01010,1,4666,Occupied,1991-03-08,,2020-09-08,2021-11-03,2022-07-20
f53f7a322f064d659dc71b9214844ba0,253838a3889d48bc87f885e575749bb9,03011,3,4666,Occupied,2019-12-29,,2021-01-05,2023-06-20,2024-07-07
5adb4e598f8c4cf7a421ec79c14cfdf6,253838a3889d48bc87f885e575749bb9,01012,1,4666,Occupied,2012-10-01,,2022-07-10,2015-09-07,2024-11-11
5cf26272457b4fbebf9acc41570863c3,253838a3889d48bc87f885e575749bb9,01013,1,4666,Occupied,2007-12-27,,2024-09-28,2018-06-01,2019-03-09
067350fbeeaf4aeeab748c2265f4b0bf,253838a3889d48bc87f885e575749bb9,03014,3,4666,Occupied,2021-04-03,,2021-10-13,2022-08-13,2022-11-10
9ef2c22ec8474c64b7fce592fe46277a,253838a3889d48bc87f885e575749bb9,01015,1,4666,Occupied,1994-12-21,,2022-01-10,2017-03-03,2017-05-05
0c3848a2a3214b8c841aefb0bf09c2b8,67e40f4fbf2246a4bd74f5edc0d5f6cc,01001,1,6250,Occupied,2012-02-04,,2023-12-30,2017-09-19,2023-07-23
2bf56c1cde5445a5a68d355a696cf9c8,67e40f4fbf2246a4bd74f5edc0d5f6cc,01002,1,6250,Occupied,2014-06-18,,2020-08-14,2020-12-31,2025-07-12
c0201f2d6e534ffe82f909f5dfea374f,67e40f4fbf2246a4bd74f5edc0d5f6cc,01003,1,6250,Occupied,1997-05-19,,2023-04-12,2023-05-04,2025-03-22
bca5c99be12149da9b5b65b00e84cd60,67e40f4fbf2246a4bd74f5edc0d5f6cc,01004,1,6250,Occupied,2011-02-22,,2024-02-08,2016-06-26,2018-05-04
4c0ce9acc3454ded980f9d7de859a67f,67e40f4fbf2246a4bd74f5edc0d5f6cc,01005,1,6250,Occupied,2008-03-20,,2023-08-25,2023-11-22,2025-01-20
7cba4c111da84957bec73780f2869305,67e40f4fbf2246a4bd74f5edc0d5f6cc,01006,1,6250,Occupied,2011-11-19,,2023-03-11,2018-11-18,2022-06-15
860b3a0103844877b819609275ffb257,67e40f4fbf2246a4bd74f5edc0d5f6cc,01007,1,6250,Occupied,2021-09-19,,2021-11-26,2016-05-22,2017-07-16
8251b776db7d4033b0b18aeeab79f218,67e40f4fbf2246a4bd74f5edc0d5f6cc,01008,1,6250,Vacant,1995-05-07,2024-10-11,,2020-10-12,2021-09-02
e9e81971c7724047ae8e63868f036bf8,d0c0a6c6387943639b5cc916717fa754,01001,1,9000,Occupied,1994-03-18,,2025-05-05,2018-05-05,2018-12-01
403c8712774840c5b2525f2c00e3b75a,d0c0a6c6387943639b5cc916717fa754,01002,1,9000,Occupied,2007-09-24,,2021-07-20,2022-01-13,2025-04-09
8a44499d6119497bad2a7491dafe7efd,d0c0a6c6387943639b5cc916717fa754,01003,1,9000,Occupied,1994-03-10,,2022-02-08,2016-11-03,2024-12-31
859c6fdd8eab4fda86ba21cc9fa34a19,d0c0a6c6387943639b5cc916717fa754,01004,1,9000,Occupied,2010-03-17,,2024-11-10,2016-05-14,2018-06-14
4d71e2cfbf5f414d9b078498b85ac20d,d0c0a6c6387943639b5cc916717fa754,01005,1,9000,Occupied,2000-11-10,,2024-12-22,2021-09-30,2023-05-06
09c5a12265ce494090ec3a3e139e590f,d0c0a6c6387943639b5cc916717fa754,01006,1,9000,Occupied,2005-10-23,,2022-09-24,2018-09-24,2021-08-31
40f6befc822e4ad385e07bb43a3ef83c,d0c0a6c6387943639b5cc916717fa754,01007,1,9000,Vacant,1991-04-15,2022-03-22,,2021-03-25,2022-06-11
7b164f6f8db44d05b8dfb99f83902ff6,d0c0a6c6387943639b5cc916717fa754,01008,1,9000,Occupied,2002-01-31,,2024-08-24,2019-02-20,2020-04-11
a7ab3d3b3a8c4c92914d97b41fc140e6,d0c0a6c6387943639b5cc916717fa754,01009,1,9000,Vacant,2018-04-12,2023-05-06,,2022-05-11,2024-05-07
1179adb7fdf4447190d4c22b90e6abc2,d0c0a6c6387943639b5cc916717fa754,01010,1,9000,Occupied,2006-04-13,,2022-08-20,2024-01-06,2025-04-20
022af7e5a15b415ea9724c5fd44f6dfa,cc34b29937c74beaa215bf90aa5ff855,01001,1,5000,Occupied,2015-11-09,,2023-01-17,2023-02-11,2024-08-21
76fbc6409d824e09a19ed471af1d3680,cc34b29937c74beaa215bf90aa5ff855,01002,1,5000,Occupied,2017-09-18,,2024-07-21,2018-06-23,2025-06-02
b163bfc582de44da87fb6847e1fe8831,cc34b29937c74beaa215bf90aa5ff855,02003,2,5000,Occupied,2023-04-12,,2023-12-25,2020-01-18,2024-11-17
7311d827b9e14be7bdabf7ba7a14527b,cc34b29937c74beaa215bf90aa5ff855,02004,2,5000,Occupied,2012-03-06,,2024-01-05,2024-05-13,2025-01-26
e456d7329ede40e5a75c5c2eacbb6fd9,cc34b29937c74beaa215bf90aa5ff855,02005,2,5000,Occupied,2015-08-21,,2020-08-13,2024-01-25,2025-02-26
eff239af69e841feb8285f21e72e093f,cc34b29937c74beaa215bf90aa5ff855,01006,1,5000,Occupied,1998-10-29,,2021-11-26,2024-05-25,2025-06-27
896c59ee9b5a49b99c3fb9a6f53e6ed7,cc34b29937c74beaa215bf90aa5ff855,02007,2,5000,Occupied,1989-03-03,,2024-08-21,2017-08-04,2020-03-23
16e259b957214007bb3c8c5f457b2d94,cc34b29937c74beaa215bf90aa5ff855,02008,2,5000,Vacant,1987-06-19,2020-12-11,,2019-08-26,2022-08-27
99a7024bb37d4ab8985c38c6640f100f,cc34b29937c74beaa215bf90aa5ff855,01009,1,5000,Occupied,2011-04-06,,2023-07-04,2017-09-22,2018-03-18
eba873bb6ca440b28fbd614fe989f08c,cc34b29937c74beaa215bf90aa5ff855,01010,1,5000,Vacant,2023-11-30,2025-03-16,,2023-08-21,2024-01-04
8dfb17a01d494b1e89eebcfbf73e143a,1f8397decfc04bfe981759f8b9fb3f04,02001,2,2500,Occupied,2006-06-26,,2022-09-25,2017-01-09,2021-01-15
ae7739ab8e624823bb0ef5014c27e906,1f8397decfc04bfe981759f8b9fb3f04,02002,2,2500,Occupied,2013-12-01,,2023-10-17,2019-09-09,2024-05-29
90040661e336499d87d169edfc430810,1f8397decfc04bfe981759f8b9fb3f04,02003,2,2500,Occupied,1992-12-13,,2022-06-08,2020-09-18,2023-04-18
2e6f270176a34e0598ff541764c709a3,1f8397decfc04bfe981759f8b9fb3f04,01004,1,2500,Occupied,1996-10-22,,2024-04-26,2021-04-24,2024-12-25
0e56e2a277934323b112b6f7826f9dd8,1f8397decfc04bfe981759f8b9fb3f04,01005,1,2500,Occupied,1996-11-03,,2021-10-25,2023-10-07,2025-01-28
c087511798b5464da2f65f2ff5549a0f,1f8397decfc04bfe981759f8b9fb3f04,01006,1,2500,Occupied,1999-04-15,,2021-06-12,2023-12-19,2025-02-17
327287e5fbf743649cfca10723947c5d,1f8397decfc04bfe981759f8b9fb3f04,02007,2,2500,Occupied,2024-08-06,,2021-07-17,2019-03-17,2021-01-24
cc0bb149978844fdbbf72080461c68f3,1f8397decfc04bfe981759f8b9fb3f04,02008,2,2500,Occupied,1989-05-08,,2020-09-25,2024-02-27,2024-10-02
dbc8ebe6e9a145f5b7eb494763918772,7c8dbadfd7d44f66b61786948da5d93c,03001,3,5000,Occupied,2008-05-12,,2022-02-02,2019-08-19,2023-01-22
80d2cb507a31473493e75a154572f85a,7c8dbadfd7d44f66b61786948da5d93c,02002,2,5000,Occupied,1997-02-26,,2025-02-19,2020-09-17,2022-09-01
1728c1ed93ba4c6cac083d841028968b,7c8dbadfd7d44f66b61786948da5d93c,02003,2,5000,Occupied,2002-09-03,,2022-03-14,2016-03-24,2021-03-03
3b62d28a6b8d44b3b3fb463c6ddf19ce,7c8dbadfd7d44f66b61786948da5d93c,01004,1,5000,Occupied,2009-06-17,,2022-12-10,2022-02-22,2022-07-03
9d39b42accfc4da18560c605c81dd27c,7c8dbadfd7d44f66b61786948da5d93c,03005,3,5000,Vacant,2000-02-25,2023-05-29,,2018-12-04,2021-03-04
6d20e5f7a98e4dfb833783066c4395ba,7c8dbadfd7d44f66b61786948da5d93c,02006,2,5000,Occupied,1998-11-19,,2021-03-15,2015-12-09,2016-07-06
e9062cebee5d4c738ce060a4694cc105,7c8dbadfd7d44f66b61786948da5d93c,01007,1,5000,Occupied,1998-07-02,,2024-03-13,2023-08-23,2024-06-27
189ece158c534a2e8857095612987503,7c8dbadfd7d44f66b61786948da5d93c,01008,1,5000,Occupied,1998-02-22,,2022-11-27,2024-05-14,2024-06-10
23efb7c360c941088b648a483db28db3,7c8dbadfd7d44f66b61786948da5d93c,01009,1,5000,Occupied,2022-03-16,,2022-10-16,2021-11-22,2022-02-09
1c59392d68214eec954c0785de4ebcdb,7c8dbadfd7d44f66b61786948da5d93c,01010,1,5000,Occupied,2009-09-14,,2022-08-30,2020-11-06,2023-03-04
a6ca5a6540e047378d1497ccdfe1f599,7c8dbadfd7d44f66b61786948da5d93c,02011,2,5000,Occupied,2019-05-20,,2024-07-21,2023-05-10,2023-12-25
ed1610c96b39478f99f98ae04d449549,7c8dbadfd7d44f66b61786948da5d93c,01012,1,5000,Occupied,1999-04-22,,2022-12-30,2018-04-12,2023-01-28
bf06a4f975404f85b161e8846e04744a,123e037dc29242f28bd26d0cee1cef67,01001,1,13333,Occupied,2002-08-31,,2023-04-11,2020-05-16,2022-12-12
15c4d3cdaac34c349cc053755843ad95,123e037dc29242f28bd26d0cee1cef67,01002,1,13333,Occupied,2002-01-08,,2025-07-18,2024-02-13,2025-02-07
3214e8a8c5bc4613a29959d4e233e23e,123e037dc29242f28bd26d0cee1cef67,01003,1,13333,Occupied,2012-12-08,,2024-04-27,2020-01-10,2021-06-01
5c6612c0cebd41b18bc16ccf1da20649,123e037dc29242f28bd26d0cee1cef67,01004,1,13333,Vacant,2015-04-11,2024-02-04,,2016-02-21,2022-08-01
ee21ad36f9084171ad5cc9ea6084f6c2,123e037dc29242f28bd26d0cee1cef67,01005,1,13333,Occupied,2024-03-17,,2023-10-25,2016-04-23,2021-05-14
db053709d7854ac786e617568eedacb0,123e037dc29242f28bd26d0cee1cef67,01006,1,13333,Occupied,2023-07-27,,2022-09-24,2019-04-12,2022-12-14
b12d8cdab0c24d0c9568d94b8a5a5d8a,acfc68e103fa4e8cae43bdea3609f909,01001,1,20000,Vacant,2008-11-25,2021-09-18,,2020-12-12,2022-02-22
08e082714a154599a7c3a5c0094ed579,acfc68e103fa4e8cae43bdea3609f909,01002,1,20000,Vacant,2023-01-01,2024-09-30,,2020-04-16,2024-09-20
f8119abc15f94e9a88ad48ead4666a18,acfc68e103fa4e8cae43bdea3609f909,01003,1,20000,Vacant,2021-11-29,2021-07-01,,2022-08-16,2023-10-17
9a399a5ba90a4211b30442e5d8a1de5c,acfc68e103fa4e8cae43bdea3609f909,01004,1,20000,Occupied,2024-03-28,,2022-10-03,2016-10-15,2017-06-03
4b7d10d4fcf14dd6ba802f591e1c0b40,acfc68e103fa4e8cae43bdea3609f909,01005,1,20000,Vacant,2008-11-23,2024-02-16,,2020-09-25,2024-07-02
66a86604f3024cbd98307f42a1247c84,acfc68e103fa4e8cae43bdea3609f909,01006,1,20000,Vacant,2023-11-25,2021-09-20,,2016-07-29,2025-06-10
0e824a221d84464eae5f5a5e2e4301fe,acfc68e103fa4e8cae43bdea3609f909,01007,1,20000,Vacant,2006-08-12,2020-12-03,,2022-11-29,2025-04-17
215699d0fae2460d90b95e021544dfd8,acfc68e103fa4e8cae43bdea3609f909,01008,1,20000,Vacant,2003-09-21,2021-03-10,,2021-03-10,2021-09-09
eb2851dde6be45d4b5142e68de89ce4c,acfc68e103fa4e8cae43bdea3609f909,01009,1,20000,Vacant,2012-03-08,2023-03-20,,2020-02-11,2023-05-31
1106aa0dfe5a4fa1ae12ebb9ce4ec4ba,acfc68e103fa4e8cae43bdea3609f909,01010,1,20000,Occupied,2009-04-25,,2025-06-14,2024-01-22,2024-12-06
81ead11142074b64826927be371f6578,acfc68e103fa4e8cae43bdea3609f909,01011,1,20000,Vacant,2021-11-06,2022-08-26,,2016-07-12,2017-05-16
7a307fa084934a2983ec34b116cd34f1,acfc68e103fa4e8cae43bdea3609f909,01012,1,20000,Occupied,2012-01-06,,2022-07-22,2021-01-23,2024-07-05
7ffa40e6dc964ca4b66258ad966428e7,acfc68e103fa4e8cae43bdea3609f909,01013,1,20000,Vacant,2015-06-22,2022-10-05,,2020-09-18,2024-05-24
a95be81093354336ae7ade9c2f652cd8,acfc68e103fa4e8cae43bdea3609f909,01014,1,20000,Vacant,2000-08-29,2021-07-09,,2021-01-28,2023-04-14
fb93ca835c314166b6e08386aec49bb9,acfc68e103fa4e8cae43bdea3609f909,01015,1,20000,Vacant,2007-06-21,2021-09-07,,2020-10-26,2021-01-06
030167f964b14fc4806a342554360f8e,acfc68e103fa4e8cae43bdea3609f909,01016,1,20000,Vacant,2025-02-25,2023-04-11,,2017-02-21,2018-06-02
485bc7f3e0cd43f684b2d9e7b3303b47,acfc68e103fa4e8cae43bdea3609f909,01017,1,20000,Vacant,2010-08-06,2024-08-24,,2020-01-05,2022-01-04
fdaca2ca1a3a415ba5820102b04277f5,acfc68e103fa4e8cae43bdea3609f909,01018,1,20000,Vacant,2010-09-13,2025-07-13,,2019-12-30,2020-11-07
b3631f13989840568f6fd2d90a5bc5c1,acfc68e103fa4e8cae43bdea3609f909,01019,1,20000,Vacant,2013-07-19,2021-07-03,,2018-09-09,2020-08-04
a0adb6ba9e6d41949741860dc2bc6a6d,acfc68e103fa4e8cae43bdea3609f909,01020,1,20000,Occupied,2002-09-27,,2022-12-13,2019-06-01,2020-08-16
9775508365694f22a4a8f7af7b09a295,df638483157748bea113d0b255858831,01001,1,2500,Occupied,2018-08-27,,2024-06-06,2024-01-09,2024-05-18
e9eb7e45e9464af8a033d4ecf9392496,df638483157748bea113d0b255858831,01002,1,2500,Occupied,2020-02-10,,2024-08-13,2021-03-26,2024-10-05
7d737f7342424bd5b769c5f80255ebbd,df638483157748bea113d0b255858831,01003,1,2500,Occupied,1991-06-12,,2020-12-23,2022-12-03,2023-10-03
348447657a9945fab46e018045a8b431,df638483157748bea113d0b255858831,01004,1,2500,Occupied,2001-04-17,,2024-10-02,2021-09-18,2023-05-01
205da8125ab64a428438c6f08541125b,df638483157748bea113d0b255858831,01005,1,2500,Occupied,1994-05-25,,2023-01-31,2018-10-14,2021-09-12
9be010ddebae4bcc872037478e45d9d3,df638483157748bea113d0b255858831,01006,1,2500,Occupied,2000-01-22,,2021-11-18,2023-04-25,2024-10-10
396eb96bf93a413cbd00feb680dfdb43,1145fb96d176487bae5b66341f3dcad0,01001,1,2500,Occupied,1996-02-25,,2023-05-08,2018-08-19,2023-09-15
e1e2ce7e78454af1ad2e225efe450165,1145fb96d176487bae5b66341f3dcad0,01002,1,2500,Occupied,1987-06-19,,2024-06-07,2019-08-06,2022-03-10
f050a17ad4534a6d9e8e88dc55c86505,1145fb96d176487bae5b66341f3dcad0,01003,1,2500,Occupied,1984-11-01,,2021-05-05,2019-07-11,2022-01-02
a68b25fb9cad4967848aca91f6c9889b,1145fb96d176487bae5b66341f3dcad0,01004,1,2500,Occupied,1997-07-31,,2023-02-18,2023-06-06,2025-02-24
ea230cc826b349b19a4e63c5856570c5,1145fb96d176487bae5b66341f3dcad0,01005,1,2500,Occupied,2015-11-19,,2024-01-24,2017-06-25,2020-07-04
cb72bf8743da47eaaf9ee1895e451e98,1145fb96d176487bae5b66341f3dcad0,01006,1,2500,Occupied,1987-08-03,,2024-02-13,2019-08-10,2022-02-05
fd42a11841c5488c8054edc01a60f01d,1145fb96d176487bae5b66341f3dcad0,01007,1,2500,Occupied,1997-03-06,,2021-06-04,2021-10-21,2022-08-15
832249ab2db24101b774bfac1e9c9996,1145fb96d176487bae5b66341f3dcad0,01008,1,2500,Occupied,1994-03-25,,2023-09-21,2022-01-07,2024-01-28
3ef8eb3bd76f44158b6714ae48ef0ebb,3a77e812c994451dbae3bd23f6fdd7d1,01001,1,2000,Occupied,2011-09-23,,2024-03-16,2023-03-15,2023-08-28
ddd0d759615c42a4b12358f65cb03b7b,3a77e812c994451dbae3bd23f6fdd7d1,01002,1,2000,Occupied,2017-03-03,,2023-04-01,2018-11-12,2019-02-01
0da3cade4d2f40558873ae5c8190a4bc,3a77e812c994451dbae3bd23f6fdd7d1,01003,1,2000,Occupied,2019-01-11,,2024-06-16,2016-06-12,2018-06-07
383660b4d3924f34b02666ea26e809ed,3a77e812c994451dbae3bd23f6fdd7d1,01004,1,2000,Occupied,1997-12-15,,2023-09-08,2018-01-07,2019-08-07
0e589a4adf6c4307b2bd6ab0d8427d8f,db5518b8613b45c9b471feb9270d24b8,03001,3,4062,Occupied,1999-12-24,,2023-07-09,2020-05-04,2022-07-25
5d1985e19e484fcea2fc4b1cbb4589ec,db5518b8613b45c9b471feb9270d24b8,01002,1,4062,Occupied,2016-10-07,,2024-02-22,2019-07-10,2023-08-26
dce42f14d20c4af38f44302c934d5340,db5518b8613b45c9b471feb9270d24b8,01003,1,4062,Occupied,2004-01-31,,2025-06-13,2021-03-28,2021-06-17
d47f58ddc9fc4f1a9a0f8a849c6feb0b,db5518b8613b45c9b471feb9270d24b8,04004,4,4062,Occupied,2019-10-06,,2025-01-21,2022-12-27,2023-08-08
08c2955f3eda4b249f5a25b2b525aeeb,db5518b8613b45c9b471feb9270d24b8,04005,4,4062,Occupied,2005-08-29,,2022-08-20,2017-10-11,2020-03-07
d09cec6bfecf46afa98e8c7421c34c6a,db5518b8613b45c9b471feb9270d24b8,02006,2,4062,Vacant,2018-03-16,2021-09-11,,2021-02-16,2024-06-25
84883b2d84714c08a768a12848dd8cad,db5518b8613b45c9b471feb9270d24b8,02007,2,4062,Occupied,2015-04-09,,2022-01-20,2023-10-26,2025-02-23
b92bbea401494d5a8deaea33a77d0911,db5518b8613b45c9b471feb9270d24b8,04008,4,4062,Occupied,2003-07-26,,2022-06-14,2017-02-11,2019-03-25
ff405bba6295474aaae80ddd7fcf89a2,db5518b8613b45c9b471feb9270d24b8,02009,2,4062,Vacant,2018-08-27,2023-10-16,,2018-10-22,2024-11-16
5fa4d1b5560345918dce247268ad1ed1,db5518b8613b45c9b471feb9270d24b8,03010,3,4062,Occupied,2007-04-15,,2024-10-18,2020-03-03,2022-08-16
c88080b0882340a08d21cf1e92f5b6bf,db5518b8613b45c9b471feb9270d24b8,01011,1,4062,Occupied,2023-06-22,,2022-07-06,2021-06-11,2025-04-18
5a2d53c3164c4b76b8c9dccf92ae0fe3,db5518b8613b45c9b471feb9270d24b8,04012,4,4062,Vacant,2000-06-13,2020-11-11,,2019-10-11,2024-11-02
bfb408755d834ae58304bdccc4a052dd,db5518b8613b45c9b471feb9270d24b8,01013,1,4062,Occupied,2013-04-30,,2023-06-13,2022-02-27,2023-01-20
3fa33584063541ad90b6827214af280f,db5518b8613b45c9b471feb9270d24b8,04014,4,4062,Occupied,2004-12-23,,2023-04-27,2018-05-06,2021-05-08
3ccadefc29cd4db8bdf3e4530df5f1dc,db5518b8613b45c9b471feb9270d24b8,01015,1,4062,Occupied,1998-06-16,,2023-09-22,2022-01-26,2023-10-11
15fcab3b09f948cd95da808c0c51e932,db5518b8613b45c9b471feb9270d24b8,04016,4,4062,Occupied,2013-03-16,,2025-07-13,2016-10-05,2023-09-21
e36700ee72464e41815efe94915b7882,96c381c9c6fc43818ecd8998cffe1e69,01001,1,1500,Occupied,1921-12-10,,2021-07-06,2021-12-05,2024-10-24
6990b19ef8bf43ee8fbe3d16d0df9144,96c381c9c6fc43818ecd8998cffe1e69,01002,1,1500,Occupied,1952-12-03,,2025-07-15,2018-02-06,2024-11-13
b8056aafff134faf85e2cf8f7b70feb2,96c381c9c6fc43818ecd8998cffe1e69,01003,1,1500,Occupied,2011-06-14,,2022-02-04,2020-11-17,2023-04-02
65a552549a7a4e3ba75c79a813239c4f,96c381c9c6fc43818ecd8998cffe1e69,01004,1,1500,Occupied,1973-06-11,,2022-04-09,2017-09-23,2018-09-28
1a9085e9423c4f9b869b28f6c5db2c0e,10500d578de44283bbe6a136b7ce83f9,03001,3,3333,Occupied,2013-02-11,,2021-12-04,2016-01-03,2025-03-29
502a923782f9423786946da2bc8bacfd,10500d578de44283bbe6a136b7ce83f9,02002,2,3333,Occupied,2022-09-09,,2021-06-24,2016-10-27,2017-08-30
09c8acf4defc46e6bf01141dc173cd5e,10500d578de44283bbe6a136b7ce83f9,03003,3,3333,Occupied,1989-03-21,,2023-05-14,2018-05-05,2018-11-05
f2ee860aa0944e1da25d185f09a0e7dc,10500d578de44283bbe6a136b7ce83f9,01004,1,3333,Occupied,1997-01-12,,2024-11-14,2023-10-27,2025-03-02
3cab8ffe79fe45b4ad0d0817a594b7a5,10500d578de44283bbe6a136b7ce83f9,02005,2,3333,Vacant,2011-12-26,2021-11-13,,2024-02-26,2025-03-04
462444ae060e4365b98141aa6165f482,10500d578de44283bbe6a136b7ce83f9,02006,2,3333,Occupied,2015-01-02,,2020-08-18,2022-03-24,2022-09-22
b5609d90cbca447ba5d83c019df71a64,10500d578de44283bbe6a136b7ce83f9,03007,3,3333,Occupied,1999-02-24,,2022-06-26,2024-02-03,2024-09-17
1b3ab9ac279a48968eef94c68c3866ce,10500d578de44283bbe6a136b7ce83f9,02008,2,3333,Occupied,2008-05-04,,2023-12-20,2021-02-28,2025-02-18
0afa4268a43742e7b7095aa1cffb7b5f,10500d578de44283bbe6a136b7ce83f9,01009,1,3333,Occupied,2007-04-10,,2024-08-14,2019-06-28,2023-01-25
ecc84e2c0be0456eaf4c48e965f22f71,10500d578de44283bbe6a136b7ce83f9,02010,2,3333,Vacant,1994-07-02,2023-10-13,,2017-11-08,2023-12-19
d7d3630d822a489cb374679a2c6cd91d,10500d578de44283bbe6a136b7ce83f9,01011,1,3333,Occupied,2006-12-21,,2025-05-10,2019-12-18,2023-06-28
93d7bb01c1404cf78ff186f043caf582,10500d578de44283bbe6a136b7ce83f9,01012,1,3333,Occupied,1992-02-20,,2023-09-25,2020-01-01,2025-01-20
cf2c207703694b19b560f88670f46c78,fa389718dfad44528f86f52017f7a511,01001,1,1666,Occupied,1977-06-28,,2024-02-16,2016-02-29,2018-09-11
ec7cace6ce624999a6bb6bca6287d0de,fa389718dfad44528f86f52017f7a511,01002,1,1666,Vacant,1991-03-20,2025-02-26,,2024-08-02,2024-11-20
2e84075854fd443ca0ac96bfc331c10b,fa389718dfad44528f86f52017f7a511,01003,1,1666,Occupied,1978-06-13,,2020-08-22,2015-12-08,2016-07-25
45a4a987989d4e309078d6163898f036,41fc770cc3ed4c82b2e1040caf0a8e0b,01001,1,2400,Occupied,2004-08-06,,2021-04-11,2023-01-06,2024-04-12
01071a403b2f4c03b2f6c12c8efa67ea,41fc770cc3ed4c82b2e1040caf0a8e0b,01002,1,2400,Occupied,2017-11-25,,2021-11-18,2021-12-13,2025-01-27
dd44c89a7a6d470292f972ef0b115e0c,41fc770cc3ed4c82b2e1040caf0a8e0b,01003,1,2400,Occupied,2006-03-20,,2025-04-09,2020-09-20,2023-05-14
0267a9b66a45486b8196d310dafd8ec5,41fc770cc3ed4c82b2e1040caf0a8e0b,01004,1,2400,Vacant,2014-02-24,2023-02-02,,2016-01-07,2020-06-10
bf3a29df83e94479b7666303bbab499b,41fc770cc3ed4c82b2e1040caf0a8e0b,01005,1,2400,Occupied,1984-03-21,,2023-05-06,2018-06-04,2023-07-02
e7fe09eeae704f229ced332b6c998eaa,ac8f6067362e4c26bacd4d89c02729d0,01001,1,2250,Vacant,1999-07-12,2023-10-06,,2015-09-12,2024-03-30
d889daf69be84612afe57f7d62f62828,ac8f6067362e4c26bacd4d89c02729d0,01002,1,2250,Occupied,2012-06-24,,2021-11-03,2022-09-02,2024-01-15
46cddbea2a224d35bb177a851968eb30,ac8f6067362e4c26bacd4d89c02729d0,01003,1,2250,Occupied,2008-02-28,,2022-09-04,2017-09-28,2022-07-15
a7293bf4d7c4491f8f584dcfded91671,ac8f6067362e4c26bacd4d89c02729d0,01004,1,2250,Occupied,2017-08-09,,2022-03-05,2016-07-23,2022-11-10
9bc88e19056849ada8b7acbe825a3b41,fa7022aa6a364e5dbd07c1692428da23,01001,1,2500,Vacant,2011-02-28,2024-05-14,,2020-08-20,2023-09-19
cb26a73c2b5f41f39efb25048353237d,fa7022aa6a364e5dbd07c1692428da23,01002,1,2500,Occupied,1996-03-07,,2023-11-09,2018-11-21,2020-04-14
244723c0f1e044819e9962512404d309,fa7022aa6a364e5dbd07c1692428da23,01003,1,2500,Occupied,2013-09-08,,2021-07-29,2023-05-17,2025-07-06
2b60c401843c421e8ec290ca4f9e2c88,fa7022aa6a364e5dbd07c1692428da23,01004,1,2500,Occupied,2004-10-16,,2021-11-04,2021-03-18,2021-09-19
29ef303b954743e283b635c91ae07261,fa7022aa6a364e5dbd07c1692428da23,01005,1,2500,Occupied,1994-04-14,,2021-10-18,2021-09-28,2024-09-14
a9249721d51343b3ab6d2a1095d2551b,fa7022aa6a364e5dbd07c1692428da23,01006,1,2500,Occupied,1997-11-04,,2020-12-19,2023-12-11,2024-09-13
5abda5611a74449d8633922c89ce3b63,fa7022aa6a364e5dbd07c1692428da23,01007,1,2500,Occupied,1996-12-16,,2023-01-26,2018-08-07,2019-11-19
bf30de3b04ec44a59a48eb867a40b1fa,fa7022aa6a364e5dbd07c1692428da23,01008,1,2500,Occupied,1998-04-17,,2023-02-13,2020-05-28,2023-11-04
00439f704049452aa912a6d80ed0864c,fa7022aa6a364e5dbd07c1692428da23,01009,1,2500,Vacant,1988-09-03,2023-12-04,,2022-01-30,2023-08-15
c42d6166a4a543c9acbb03083ff97f78,fa7022aa6a364e5dbd07c1692428da23,01010,1,2500,Occupied,2009-06-10,,2021-12-30,2017-08-17,2022-04-13
61dd25d579664da4b228c0c7b79d94b3,dd4affaed4b54721876a5291fb890c19,01001,1,3000,Occupied,1960-12-08,,2024-01-18,2020-02-28,2025-07-02
d7a90288a0bd4f04bdb8f68bef61e792,dd4affaed4b54721876a5291fb890c19,01002,1,3000,Occupied,1992-12-04,,2024-12-03,2022-11-04,2024-06-11
88446e7e6b3342d28d05b936e643b2d3,dd4affaed4b54721876a5291fb890c19,01003,1,3000,Occupied,1976-10-12,,2024-07-10,2021-07-15,2022-01-24
1a8278fb02c54670a3f3755365792f2b,dd4affaed4b54721876a5291fb890c19,01004,1,3000,Occupied,2013-01-06,,2023-01-16,2021-11-05,2024-09-15
b2f5c7f622734ad79b3683e69f2c8071,dd4affaed4b54721876a5291fb890c19,01005,1,3000,Occupied,1985-05-09,,2022-12-20,2021-05-16,2022-07-06
d27f616aebc84e299e2ca18cb980d01b,dd4affaed4b54721876a5291fb890c19,01006,1,3000,Occupied,1975-11-29,,2024-06-26,2017-01-05,2024-01-27
5d0abac66ab944f6b80ded4c500cbd35,e46693ec7b294d7ebeb4891b56c5531e,01001,1,2400,Occupied,2016-03-17,,2025-02-26,2016-12-16,2018-01-24
e71509fa06fe4ae8a63bc8b263cda1d5,e46693ec7b294d7ebeb4891b56c5531e,01002,1,2400,Vacant,1942-06-24,2022-04-16,,2021-09-20,2022-10-29
df523cc06c6c42f899c330528cadff77,e46693ec7b294d7ebeb4891b56c5531e,01003,1,2400,Occupied,1993-03-16,,2024-11-02,2017-06-15,2020-12-17
cf8372e5f7bb4764a3c96186dea66e36,e46693ec7b294d7ebeb4891b56c5531e,01004,1,2400,Vacant,1997-01-09,2020-08-11,,2016-04-16,2025-04-22
2c1b450418fc44a3a4d3fd26e3d4381b,e46693ec7b294d7ebeb4891b56c5531e,01005,1,2400,Vacant,1929-01-17,2020-09-05,,2023-09-26,2025-06-01
fc44534851a34b329213f27458e708a6,3af38e3e4d284c679150f022d5492d13,01001,1,2500,Occupied,1985-04-03,,2021-12-30,2017-03-23,2020-10-25
2b8e771b726840a6917b0978b551be4b,3af38e3e4d284c679150f022d5492d13,01002,1,2500,Occupied,1992-04-24,,2022-05-06,2022-10-25,2025-03-24
e6218002f3cb4cc88be32e0106240a2a,3af38e3e4d284c679150f022d5492d13,01003,1,2500,Occupied,2013-10-10,,2023-07-18,2022-05-19,2025-06-23
df6fc117a36544e9806142af0d089cec,3af38e3e4d284c679150f022d5492d13,01004,1,2500,Occupied,2007-05-02,,2023-12-03,2023-02-08,2025-01-02
ad2b11674e4f4ff4a875f243621f145a,3af38e3e4d284c679150f022d5492d13,01005,1,2500,Occupied,2018-01-26,,2023-10-10,2019-06-30,2024-02-14
2d7a6cb0ba9e4ce0b9417b92ab7b037a,3af38e3e4d284c679150f022d5492d13,01006,1,2500,Occupied,1982-03-11,,2023-02-08,2022-12-23,2023-09-06
a4d7be594e7848139948ed9b459b10d3,3af38e3e4d284c679150f022d5492d13,01007,1,2500,Occupied,2018-10-26,,2025-03-09,2022-02-27,2024-09-25
0380c9cd892d4c3aba0947f245936ebc,3af38e3e4d284c679150f022d5492d13,01008,1,2500,Occupied,2007-09-13,,2024-08-11,2021-05-10,2022-11-18
b7eba2a01888486baaa660fa3c0c7b83,3af38e3e4d284c679150f022d5492d13,01009,1,2500,Occupied,1990-06-05,,2021-07-01,2023-08-14,2024-08-30
e410c3d4f54a42afa37c8d02c81d8397,3af38e3e4d284c679150f022d5492d13,01010,1,2500,Occupied,2007-02-02,,2023-07-16,2018-05-13,2024-06-26
eb45b20bac3f42afa696b68c03a31312,3e39e7962bda4f5fa77019fe74f79209,01001,1,3000,Vacant,1984-08-06,2023-08-22,,2016-10-21,2024-09-29
b1ef84b558f043299553bd41fa5d8faa,3e39e7962bda4f5fa77019fe74f79209,01002,1,3000,Occupied,1972-04-27,,2021-06-08,2024-02-28,2025-01-01
53b6aaff0a35451d9cbd6735b1e4c49c,3e39e7962bda4f5fa77019fe74f79209,01003,1,3000,Vacant,2006-01-22,2023-03-26,,2020-07-20,2022-06-18
cb269a8385e34532a6f96dd1c52a8a2f,3e39e7962bda4f5fa77019fe74f79209,01004,1,3000,Vacant,1970-12-09,2021-05-17,,2016-07-31,2024-12-11
87b18c05e5624cc1bdc641609578e787,3e39e7962bda4f5fa77019fe74f79209,01005,1,3000,Occupied,2023-04-05,,2020-08-26,2017-11-11,2024-05-24
1f024ed1826548ad90df26bed7b0e7a2,3e39e7962bda4f5fa77019fe74f79209,01006,1,3000,Vacant,1971-10-27,2021-12-05,,2018-01-12,2019-10-18
8ed16547298448feb7a9622aec06fc41,c8d0f01feb444efabbeb41dc8de4b169,01001,1,2750,Occupied,1976-04-09,,2022-07-13,2021-12-12,2022-08-18
81128a0af2dc4070a057f68e64344932,c8d0f01feb444efabbeb41dc8de4b169,01002,1,2750,Occupied,2024-11-25,,2025-02-17,2024-04-15,2025-07-30
bd8703f2befc4bc1b1b63c6acfca183c,c8d0f01feb444efabbeb41dc8de4b169,01003,1,2750,Occupied,2005-01-26,,2021-08-15,2017-09-04,2023-12-26
dbb85c11820641f3b00c9bda75338d51,c8d0f01feb444efabbeb41dc8de4b169,01004,1,2750,Vacant,2023-02-14,2020-09-15,,2024-01-31,2025-04-22
0df0f10670074325b69f093dc2d8fdfc,c8d0f01feb444efabbeb41dc8de4b169,01005,1,2750,Vacant,1992-02-24,2025-06-16,,2020-04-11,2020-05-28
8903fcb775664939a632122169362572,c8d0f01feb444efabbeb41dc8de4b169,01006,1,2750,Occupied,1980-07-16,,2022-04-17,2020-02-16,2024-07-26
f35124786ba942048f37318a5f29844c,c8d0f01feb444efabbeb41dc8de4b169,01007,1,2750,Occupied,2011-12-28,,2023-02-17,2017-04-02,2025-02-13
57a6a6cd13ad4bedb183b630ecb06911,c8d0f01feb444efabbeb41dc8de4b169,01008,1,2750,Occupied,2018-09-11,,2025-04-05,2019-01-22,2019-12-14
7fb1e4bb60774f919a5659716d25f3ce,42da64125fdc4951a15f6dec077ea132,01001,1,2666,Occupied,2013-03-03,,2022-10-12,2024-03-01,2025-07-31
ec5528c21e37479a84d7cecd64a49be7,42da64125fdc4951a15f6dec077ea132,01002,1,2666,Occupied,2002-06-09,,2022-09-24,2023-10-19,2023-12-08
255ab6b54fce4920aa5a69907ad4965e,42da64125fdc4951a15f6dec077ea132,01003,1,2666,Occupied,1942-12-13,,2020-11-28,2022-08-02,2025-04-06
d41b616c92f0447990a4327343f245f5,42da64125fdc4951a15f6dec077ea132,01004,1,2666,Occupied,1932-10-12,,2022-08-24,2015-10-13,2023-11-20
2f12dd6296f543a687920f1f44f08b63,42da64125fdc4951a15f6dec077ea132,01005,1,2666,Occupied,2014-05-31,,2020-10-27,2018-10-21,2025-01-16
de3b6b51ca6147029972fdb3268e5c82,42da64125fdc4951a15f6dec077ea132,01006,1,2666,Vacant,1961-01-25,2021-02-24,,2018-10-27,2020-05-29
8c6fdb7ab1074f6581a28f18cb981ab4,9f63e477baab41879ca3c2116ab786d2,01001,1,2200,Occupied,1968-01-08,,2021-11-07,2016-01-30,2020-10-19
df0ae4cdb082420baf2a7808f401c06a,9f63e477baab41879ca3c2116ab786d2,01002,1,2200,Vacant,1959-04-28,2021-10-16,,2022-08-01,2024-02-27
d03cc2f3746f4204bc05285665a2201a,9f63e477baab41879ca3c2116ab786d2,01003,1,2200,Occupied,1991-10-24,,2021-06-06,2023-09-28,2025-02-04
b4cebcd93edc49e8a3cebc1ffec6400d,9f63e477baab41879ca3c2116ab786d2,01004,1,2200,Occupied,1957-12-18,,2025-05-15,2019-11-04,2022-06-20
51482c6e532b448292fb54b397790008,9f63e477baab41879ca3c2116ab786d2,01005,1,2200,Occupied,1957-03-31,,2021-07-22,2018-01-09,2018-12-22
4ac40512b421424e9e8614509c0ab2f8,5f29dde4e3d04681b0593e9bbbbdc95d,01001,1,3000,Vacant,2000-12-27,2023-06-04,,2017-11-19,2021-12-26
47f30b306b73473990b6a3aeb28e9bb7,5f29dde4e3d04681b0593e9bbbbdc95d,01002,1,3000,Occupied,2017-10-12,,2021-06-04,2020-09-09,2024-11-01
112c8257598a414399ae3ec3cdf9beb1,5f29dde4e3d04681b0593e9bbbbdc95d,01003,1,3000,Occupied,2021-11-30,,2022-12-02,2019-05-21,2019-07-31
6aec7be445724e6784381428a99c5a73,5f29dde4e3d04681b0593e9bbbbdc95d,01004,1,3000,Occupied,1988-07-17,,2025-07-26,2016-09-06,2016-12-16
40250ea872284af3af49e0a7bbbb38dc,5f29dde4e3d04681b0593e9bbbbdc95d,01005,1,3000,Occupied,2015-11-22,,2024-04-29,2015-12-01,2023-03-04
43a14b16d1da4294b3e44229cd960457,5f29dde4e3d04681b0593e9bbbbdc95d,01006,1,3000,Occupied,2019-09-20,,2024-12-29,2023-03-22,2023-06-07
4312e20002e543ecb15a6a2392ee4f39,5f29dde4e3d04681b0593e9bbbbdc95d,01007,1,3000,Occupied,2015-03-30,,2024-11-12,2016-03-10,2025-06-10
0d5d0173b94a48b78a39613ae5746c5a,4cb96a530cbe485f91208b2de04a7b7e,01001,1,3000,Occupied,1998-05-18,,2021-09-13,2019-07-01,2020-02-04
ba89c437a04d42e3af8b64bd7bea9545,4cb96a530cbe485f91208b2de04a7b7e,01002,1,3000,Occupied,2008-04-12,,2023-09-07,2019-07-06,2023-05-09
295acc9e740a4cd48b5acb597e3a523a,4cb96a530cbe485f91208b2de04a7b7e,01003,1,3000,Occupied,2021-02-12,,2023-07-16,2023-12-13,2024-11-04
1aad7eb397f84a6c8ed7a99f310757f1,4cb96a530cbe485f91208b2de04a7b7e,01004,1,3000,Occupied,1990-10-20,,2021-03-15,2019-08-03,2021-01-05
2ee6d166a0214acc805c02cbafe1113a,4cb96a530cbe485f91208b2de04a7b7e,01005,1,3000,Occupied,2011-06-10,,2024-08-07,2023-02-10,2025-03-20
0d33516c2ee54136b8efca8092edc08b,4cb96a530cbe485f91208b2de04a7b7e,01006,1,3000,Occupied,1995-04-04,,2025-03-20,2019-04-08,2020-02-05
513d9bde78514a3592dea44df4b9d09d,4cb96a530cbe485f91208b2de04a7b7e,01007,1,3000,Occupied,1993-10-29,,2021-07-02,2020-01-07,2025-04-15
160b33ce37f44b10984cdcf78d62142a,4cb96a530cbe485f91208b2de04a7b7e,01008,1,3000,Occupied,1994-04-24,,2024-06-11,2020-11-12,2025-07-26
632833334dca40ee9db93236b279c0f8,b96b4d472c56435bbe5cba6a0a1ef580,01001,1,2600,Vacant,1994-07-31,2025-05-26,,2015-09-03,2019-12-28
4a9819c818634f989fc1a4bf50c64cdc,b96b4d472c56435bbe5cba6a0a1ef580,01002,1,2600,Vacant,1991-02-14,2020-11-25,,2020-01-27,2024-11-01
0fee8c2274b345929e9c2fb704d3b298,b96b4d472c56435bbe5cba6a0a1ef580,01003,1,2600,Occupied,2021-07-24,,2021-06-24,2020-05-02,2021-03-06
18fab6984394463d861f113327369d4d,b96b4d472c56435bbe5cba6a0a1ef580,01004,1,2600,Vacant,2007-08-22,2022-11-19,,2019-01-25,2025-07-01
34dba2a2c5ed44a78672e66c312af986,b96b4d472c56435bbe5cba6a0a1ef580,01005,1,2600,Occupied,1998-09-28,,2022-12-22,2015-08-26,2022-08-21
b209d24d0fa94775b9960635ca3190f7,b96b4d472c56435bbe5cba6a0a1ef580,01006,1,2600,Vacant,2001-10-13,2021-02-20,,2021-12-10,2022-02-17
8ae8fe4d433b4d3fbd8a2cf6160e0ea3,b96b4d472c56435bbe5cba6a0a1ef580,01007,1,2600,Vacant,2008-03-29,2020-10-17,,2021-08-05,2023-06-26
88d3fffb450749e79fd66021eacefdac,b96b4d472c56435bbe5cba6a0a1ef580,01008,1,2600,Occupied,1999-08-10,,2024-07-16,2023-03-29,2023-08-07
15166353466e4f96939aa3a7c419de90,b96b4d472c56435bbe5cba6a0a1ef580,01009,1,2600,Occupied,2008-02-05,,2023-05-30,2022-11-12,2025-06-25
b4769f4e84284fb79c9553007332aeb2,b96b4d472c56435bbe5cba6a0a1ef580,01010,1,2600,Vacant,2018-12-09,2022-06-15,,2020-12-07,2023-04-07
9d6b14b0dba64bffb9f6e8dac0669020,348d8c267cdb454a8656c186ec063414,01001,1,2500,Vacant,2010-09-15,2024-02-29,,2023-02-16,2023-03-27
e9ac82a662ef40d3b943ea9bed816516,348d8c267cdb454a8656c186ec063414,01002,1,2500,Vacant,1971-11-09,2021-10-19,,2021-12-04,2022-12-06
050f790381064431a8edcfddf427aab9,348d8c267cdb454a8656c186ec063414,01003,1,2500,Occupied,2001-01-20,,2024-03-26,2016-07-03,2023-11-17
1712dd038f8244a7ba5652edc5c04ff6,348d8c267cdb454a8656c186ec063414,01004,1,2500,Vacant,2000-05-12,2023-07-05,,2018-12-29,2022-09-22
527772b4708a41a7bb920081f07d63a1,348d8c267cdb454a8656c186ec063414,01005,1,2500,Occupied,1988-02-22,,2021-03-15,2016-05-14,2024-11-02
6b5b01f3e2874e4694e83227d4728a02,348d8c267cdb454a8656c186ec063414,01006,1,2500,Vacant,2019-03-03,2025-06-13,,2023-12-18,2024-10-03
ac0b0cf92aff4940b64c6454f510892b,bcac430d9cd546748185e8cd8c8b4f17,01001,1,2250,Occupied,1942-06-10,,2023-03-19,2023-08-10,2025-02-25
027149cbe1b940fd931c76ea823aff11,bcac430d9cd546748185e8cd8c8b4f17,01002,1,2250,Occupied,2022-05-05,,2023-08-09,2019-08-27,2023-12-24
68817a0ed0244866879c5e77ee99045b,bcac430d9cd546748185e8cd8c8b4f17,01003,1,2250,Occupied,1947-07-16,,2024-04-09,2020-06-19,2022-12-20
48eba4df467a46d792e44aa1b246967d,bcac430d9cd546748185e8cd8c8b4f17,01004,1,2250,Occupied,1999-02-14,,2022-12-10,2024-03-30,2025-05-16
5c8eb2211536453dace42c45275ba6e2,cb8dd0ad657845d7a725714c1129823f,01001,1,2400,Vacant,2012-07-11,2025-04-05,,2020-08-18,2022-09-07
ae43f7eab8914e0883779f7a57325b05,cb8dd0ad657845d7a725714c1129823f,01002,1,2400,Occupied,1972-03-14,,2021-05-11,2019-08-07,2023-10-15
df4fbe6e7af54acf906bcba8dc12ae8e,cb8dd0ad657845d7a725714c1129823f,01003,1,2400,Vacant,1962-07-27,2024-09-11,,2016-07-05,2021-07-02
21e02d7e8378473d94a14245f5ddae27,cb8dd0ad657845d7a725714c1129823f,01004,1,2400,Occupied,2013-01-24,,2023-07-06,2020-06-28,2022-02-01
39dc4254909541f6a69e276b6971c0cf,cb8dd0ad657845d7a725714c1129823f,01005,1,2400,Occupied,2006-07-20,,2024-09-13,2017-09-28,2018-05-23
227152915f364f64b9dc4d618ac2ae1a,b97bc4b3e84b453293be41745241428c,01001,1,2000,Vacant,1957-08-05,2022-02-18,,2022-07-27,2024-01-18
c70a22834b54411f8ce3f56fef289334,b97bc4b3e84b453293be41745241428c,01002,1,2000,Occupied,1973-02-22,,2021-10-10,2016-02-09,2019-02-19
5e66ebcf45684a5b87ab3eb9a9825590,b97bc4b3e84b453293be41745241428c,01003,1,2000,Occupied,2014-10-28,,2024-02-03,2018-03-15,2019-04-22
d682501eae544c53bff7c78bc46aa93b,b97bc4b3e84b453293be41745241428c,01004,1,2000,Occupied,1993-10-10,,2022-05-23,2016-12-15,2024-02-14
4e4523d513e54f318428dbba385a6f71,04d4b474beda4e0493acc2a5c34ce30e,01001,1,2000,Occupied,1988-10-25,,2025-07-07,2023-12-13,2024-02-28
71b3e248188f464b9d0a9dc989b64af5,04d4b474beda4e0493acc2a5c34ce30e,01002,1,2000,Occupied,2015-10-17,,2024-10-24,2018-01-25,2022-05-27
8e81c75d9d0c4278926132e307acbaca,04d4b474beda4e0493acc2a5c34ce30e,01003,1,2000,Occupied,1972-04-27,,2023-06-07,2017-02-26,2024-06-17
593e1c0966364cdba59884092f1161be,9164dfaac26a42ba9fb9414be36bf5a6,01001,1,2500,Occupied,2018-05-03,,2021-11-09,2020-09-19,2024-07-19
501b132334284de7bc535af3029ab5d2,9164dfaac26a42ba9fb9414be36bf5a6,02002,2,2500,Occupied,1983-01-09,,2022-11-04,2017-12-04,2019-11-01
2d33bb16bee344d5b14dcad8275be0bf,9164dfaac26a42ba9fb9414be36bf5a6,02003,2,2500,Occupied,1941-05-04,,2021-04-29,2023-12-10,2024-10-03
747e9c2ec4c84b438369c69396dd7e0b,9164dfaac26a42ba9fb9414be36bf5a6,01004,1,2500,Vacant,1961-01-25,2024-05-03,,2015-10-11,2024-02-12
f1676aff936141f8ab892117435a5a9a,9164dfaac26a42ba9fb9414be36bf5a6,03005,3,2500,Occupied,1946-04-17,,2022-12-24,2017-02-04,2019-10-12
2a782b4eedc9494688714a37cc0ac6d3,9164dfaac26a42ba9fb9414be36bf5a6,02006,2,2500,Occupied,1994-08-22,,2024-09-07,2019-07-24,2019-12-26
bab78ac6a32847dbb342031e0b229e74,9164dfaac26a42ba9fb9414be36bf5a6,01007,1,2500,Occupied,2020-06-20,,2022-05-14,2019-01-29,2021-12-17
9255ce65560241e99f23a0628c8290af,9164dfaac26a42ba9fb9414be36bf5a6,03008,3,2500,Occupied,1956-05-01,,2023-05-03,2015-11-30,2017-02-02
426e5efc8f9b4ec8afbc19e6d1c6bdcb,9164dfaac26a42ba9fb9414be36bf5a6,02009,2,2500,Occupied,1927-07-05,,2021-03-16,2017-01-30,2017-06-15
8850b51190b74e33b086f272c077c4e2,9164dfaac26a42ba9fb9414be36bf5a6,01010,1,2500,Occupied,2011-05-25,,2022-02-04,2024-05-20,2025-03-09
ef3bfce54a2b4b32b2890d99bfa640f6,9164dfaac26a42ba9fb9414be36bf5a6,03011,3,2500,Vacant,2015-03-17,2021-04-03,,2024-06-03,2025-04-27
bb1defa6b9524302b2dcf268643837fc,9164dfaac26a42ba9fb9414be36bf5a6,03012,3,2500,Occupied,1988-06-27,,2024-12-02,2024-07-09,2024-11-27
3ce462ab4b0e4fdd8017fbc1f433bb13,c4b466fe4103439393c3c0dee293d055,04001,4,2500,Occupied,1967-06-16,,2022-06-12,2022-06-23,2024-07-29
e3074bcdbff54efcb1a24648129d8ee1,c4b466fe4103439393c3c0dee293d055,01002,1,2500,Occupied,1927-01-13,,2025-01-21,2024-05-27,2024-11-13
0abac3bd67244678b9eae8603a96fb77,c4b466fe4103439393c3c0dee293d055,04003,4,2500,Occupied,1978-07-08,,2020-12-03,2023-11-04,2024-07-18
98052284be664670be8f8939278345f2,c4b466fe4103439393c3c0dee293d055,03004,3,2500,Occupied,2022-12-08,,2025-07-26,2021-01-19,2022-04-07
370d31722e3e49beb6ce6cdb76ec8c40,c4b466fe4103439393c3c0dee293d055,03005,3,2500,Vacant,1984-12-07,2021-03-21,,2022-09-15,2024-07-31
ad68edc9f87d4526b792a10a8e8f7c1d,c4b466fe4103439393c3c0dee293d055,01006,1,2500,Occupied,1978-02-28,,2021-07-15,2020-01-18,2021-12-06
1b14cd1dc8ad4db69e12d0f6c90e1960,c4b466fe4103439393c3c0dee293d055,03007,3,2500,Vacant,2001-09-14,2023-03-06,,2024-06-10,2025-01-24
0dcfcbb08be242099a957011a6603b61,c4b466fe4103439393c3c0dee293d055,01008,1,2500,Vacant,1993-12-13,2022-04-08,,2024-04-04,2025-01-02
77712f7715664430af4c185f532c7bc9,c4b466fe4103439393c3c0dee293d055,03009,3,2500,Occupied,1930-06-23,,2021-10-22,2018-03-20,2020-02-11
c44c712c7a9d443f9232203a4f6fd742,c4b466fe4103439393c3c0dee293d055,02010,2,2500,Occupied,2001-11-25,,2021-08-06,2024-01-02,2025-04-13
95e572c5e6df4372bf05ddca423615a2,c4b466fe4103439393c3c0dee293d055,01011,1,2500,Occupied,1965-06-29,,2022-02-20,2020-04-19,2022-05-30
d0e5c8051bdb4454807df06fb9547008,c4b466fe4103439393c3c0dee293d055,03012,3,2500,Occupied,1944-05-14,,2024-12-02,2019-11-21,2020-06-24
a2928d71fd2e4a7899455f5b403f9e38,c4b466fe4103439393c3c0dee293d055,02013,2,2500,Vacant,1941-06-21,2024-09-08,,2018-10-14,2018-12-28
d7b6ea495ae74fc399d1f705da49fed5,c4b466fe4103439393c3c0dee293d055,01014,1,2500,Vacant,1945-06-28,2024-09-11,,2015-12-01,2019-10-22
24ea7a15144b454cb74f32ed5d6c251a,c4b466fe4103439393c3c0dee293d055,03015,3,2500,Occupied,1979-10-16,,2020-09-09,2015-12-01,2022-02-07
7dadf24c1290462a990bf4755e084987,c4b466fe4103439393c3c0dee293d055,03016,3,2500,Vacant,2015-07-17,2023-01-23,,2020-08-14,2023-11-22
73fd001e26d045df9b0acccf73eafd06,c607457239cf43a898129b465d746150,04001,4,2500,Vacant,1983-09-20,2025-06-16,,2021-03-26,2022-12-23
89b6aa68ee2f44258270d0727f090317,c607457239cf43a898129b465d746150,01002,1,2500,Occupied,2024-09-23,,2023-11-01,2018-05-06,2020-02-11
90241142e7a44d7a8b4039720f6f79cb,c607457239cf43a898129b465d746150,03003,3,2500,Vacant,2015-02-28,2024-05-11,,2019-02-22,2021-01-19
254123022a4f49528b52a13385cf660a,c607457239cf43a898129b465d746150,02004,2,2500,Vacant,2020-10-02,2022-03-29,,2020-06-18,2021-07-16
d2a47124276449b28f9520eafd3d4529,c607457239cf43a898129b465d746150,01005,1,2500,Occupied,2008-05-27,,2022-10-22,2020-03-13,2024-12-06
f25ed6a5f48b43a7992df8505830ba9f,c607457239cf43a898129b465d746150,02006,2,2500,Occupied,1975-06-07,,2025-05-04,2023-10-15,2025-04-26
0870b4a27bbb4f2e9bd6f906be1518d8,c607457239cf43a898129b465d746150,01007,1,2500,Vacant,1933-07-28,2021-05-30,,2019-10-14,2021-12-12
92c2890864834fb7a8f230b544454b91,c607457239cf43a898129b465d746150,03008,3,2500,Vacant,1962-04-08,2022-10-23,,2020-04-20,2022-10-08
1252f11c80734f358ee19382d69084fe,c607457239cf43a898129b465d746150,03009,3,2500,Vacant,1957-02-11,2022-03-22,,2017-02-26,2018-11-13
29b6a7eaaf704668b8032a69bd9e7dc4,c607457239cf43a898129b465d746150,04010,4,2500,Vacant,1967-12-17,2022-12-08,,2024-03-16,2025-07-04
f21453a7b29849479317c8ab8366b994,c607457239cf43a898129b465d746150,04011,4,2500,Vacant,1962-02-03,2021-10-31,,2023-06-15,2024-07-07
431bbef2dea4444594403a2266347b97,c607457239cf43a898129b465d746150,03012,3,2500,Occupied,1989-02-14,,2022-05-28,2016-02-10,2020-03-10
a47fb30f994d439ea62140b76395c7a4,c607457239cf43a898129b465d746150,01013,1,2500,Occupied,2015-04-17,,2023-07-04,2017-10-05,2021-11-18
cc6440ef99af42a9b9e940b8d54d5608,c607457239cf43a898129b465d746150,02014,2,2500,Vacant,1944-11-09,2021-08-19,,2023-09-22,2023-11-11
88ce6df4560042eca450ad17de97e44d,c607457239cf43a898129b465d746150,03015,3,2500,Occupied,2009-09-07,,2024-06-24,2015-11-28,2016-03-24
7e68538461c6401992274fa3496b9020,c607457239cf43a898129b465d746150,03016,3,2500,Occupied,1930-12-28,,2020-09-21,2022-11-03,2023-03-10
42c82d368f27444bbed5a8dd3147b4aa,c607457239cf43a898129b465d746150,01017,1,2500,Vacant,2003-03-23,2021-09-21,,2019-12-31,2025-06-16
d90bfb543fc5429a9ed38378339d8a6c,c607457239cf43a898129b465d746150,03018,3,2500,Vacant,1999-07-19,2023-12-03,,2019-10-06,2020-02-12
776fc363d129483f8bf44e94aaa746ee,c607457239cf43a898129b465d746150,03019,3,2500,Vacant,2001-12-22,2024-05-03,,2018-06-22,2023-04-15
9d6d83cea8d24930b30dc4cefcf46c75,c607457239cf43a898129b465d746150,01020,1,2500,Occupied,1976-06-03,,2025-07-12,2018-04-14,2022-06-18
d3e35dee53014c508b3c128bf286f770,103bda99e77743f1b0a2c541085bad99,03001,3,2500,Occupied,1973-04-27,,2021-12-13,2024-03-30,2024-08-25
ab07d4761d4a47fa8165619561a804c4,103bda99e77743f1b0a2c541085bad99,02002,2,2500,Occupied,1911-07-13,,2020-10-28,2021-08-22,2025-04-27
6f13b30b5f15483f9c4eab97e5d50011,103bda99e77743f1b0a2c541085bad99,02003,2,2500,Occupied,1978-01-02,,2024-03-15,2016-01-01,2021-12-12
6711fbc611474fdaaef8523fa7e46fe6,103bda99e77743f1b0a2c541085bad99,03004,3,2500,Occupied,1934-12-28,,2025-06-03,2023-01-05,2024-11-05
0f2e020986b54bbcacc7030d4bb7f5ca,103bda99e77743f1b0a2c541085bad99,02005,2,2500,Vacant,2013-05-29,2020-11-08,,2022-08-24,2024-08-04
625e00f889f143098d901d2550611dfa,103bda99e77743f1b0a2c541085bad99,01006,1,2500,Occupied,1918-06-07,,2023-10-28,2021-04-01,2025-05-11
67446a6d7cbf43a98e9096aaaa79c58b,103bda99e77743f1b0a2c541085bad99,03007,3,2500,Occupied,1946-05-02,,2023-04-02,2021-11-20,2022-07-04
24186e61a17a41998cadb8a9a63e5826,103bda99e77743f1b0a2c541085bad99,02008,2,2500,Occupied,1939-04-21,,2025-03-05,2016-03-30,2017-07-01
61cb11142afd4b84b922d8433f9c922e,103bda99e77743f1b0a2c541085bad99,01009,1,2500,Occupied,1929-07-12,,2021-02-08,2022-08-23,2022-12-09
ca4fa9ea1d724ac6bcabe779807b9b31,103bda99e77743f1b0a2c541085bad99,02010,2,2500,Occupied,2001-01-21,,2024-01-06,2018-06-01,2021-05-13
e7a293715bed43c494a30d0b36341c66,4f914b01dca143e79a93ab1bd58fdd3d,01001,1,4000,Occupied,2020-07-31,,2021-09-19,2020-02-18,2021-11-23
6f1ccead85fb4b9aab3950d79e308817,4f914b01dca143e79a93ab1bd58fdd3d,01002,1,4000,Vacant,2011-05-03,2024-06-01,,2023-04-29,2024-07-23
